"title";"name";"unit";"batch";"elapsed";"error %";"instructions";"branches";"branch misses";"total"
{{#result}}"{{title}}";"{{name}}";"{{unit}}";{{batch}};{{median(elapsed)}};{{medianAbsolutePercentError(elapsed)}};{{median(instructions)}};{{median(branchinstructions)}};{{median(branchmisses)}};{{sumProduct(iterations, elapsed)}}
{{/result}}0667695;0;0;0;0.0126113
"Skip List randomly";"15626";"uint64_t";1;0.0013668;0.222127368960218;0;0;0;0.013925
"Skip List randomly";"11466";"uint64_t";1;0.001417;0.183567642313897;0;0;0;0.0134768
"Skip List randomly";"8317";"uint64_t";1;0.0007386;0.0438100621820237;0;0;0;0.0117768
"Skip List randomly";"29229";"uint64_t";1;0.0013452;0.365112327732679;0;0;0;0.012588
"Skip List randomly";"31623";"uint64_t";1;0.0006879;0.00511396843950895;0;0;0;0.0108756
"Skip List randomly";"972";"uint64_t";1;0.0013338;0.322737889712603;0;0;0;0.0125443
"Skip List randomly";"14962";"uint64_t";1;0.0008684;0.14143007360673;0;0;0;0.0144802
"Skip List randomly";"7671";"uint64_t";1;0.0013542;0.31640585562847;0;0;0;0.0123378
"Skip List randomly";"17523";"uint64_t";1;0.0007082;0.0362891425226806;0;0;0;0.0119579
"Skip List randomly";"4279";"uint64_t";1;0.0007295;0.0185702317788328;0;0;0;0.0119026
"Skip List randomly";"1779";"uint64_t";1;0.001729;0.141555526211541;0;0;0;0.015871
"Skip List randomly";"26586";"uint64_t";1;0.0013604;0.212321232123212;0;0;0;0.014217
"Skip List randomly";"16370";"uint64_t";1;0.0015036;0.19013250026931;0;0;0;0.0153497
"Skip List randomly";"15379";"uint64_t";1;0.0016432;0.303404129043198;0;0;0;0.0160924
"Skip List randomly";"22652";"uint64_t";1;0.0009543;0.307797725092504;0;0;0;0.0167948
"Skip List randomly";"20941";"uint64_t";1;0.0007359;0.00808219178082204;0;0;0;0.0110969
"Skip List randomly";"11686";"uint64_t";1;0.0014222;0.295975446760061;0;0;0;0.0151847
"Skip List randomly";"711";"uint64_t";1;0.0007868;0.110515172900494;0;0;0;0.0132023
"Skip List randomly";"23262";"uint64_t";1;0.0007297;0.0581496519721579;0;0;0;0.0122145
"Skip List randomly";"6638";"uint64_t";1;0.0006951;0.0147445255474454;0;0;0;0.0122958
"Skip List randomly";"24928";"uint64_t";1;0.0014464;0.288259029623069;0;0;0;0.0133733
"Skip List randomly";"7782";"uint64_t";1;0.0013493;0.353535837485627;0;0;0;0.0150252
"Skip List randomly";"28395";"uint64_t";1;0.0014664;0.239497977388238;0;0;0;0.01312
"Skip List randomly";"32246";"uint64_t";1;0.0007446;0.0475520540236353;0;0;0;0.0137294
"Skip List randomly";"30737";"uint64_t";1;0.0008034;0.126314313752979;0;0;0;0.0137477
"Skip List randomly";"8948";"uint64_t";1;0.0013672;0.305848903330626;0;0;0;0.0144427
"Skip List randomly";"32548";"uint64_t";1;0.0007589;0.085383295194508;0;0;0;0.0156302
"Skip List randomly";"17708";"uint64_t";1;0.0007321;0.00798568084813427;0;0;0;0.0099515
"Skip List randomly";"12736";"uint64_t";1;0.0006989;0.0112863550860946;0;0;0;0.0115075
"Skip List randomly";"21411";"uint64_t";1;0.0018683;0.194698275862069;0;0;0;0.0203796
"Skip List randomly";"10025";"uint64_t";1;0.0007125;0.0312635692574902;0;0;0;0.0101544
"Skip List randomly";"18342";"uint64_t";1;0.0013833;0.256250336039572;0;0;0;0.0151835
"Skip List randomly";"30980";"uint64_t";1;0.0013806;0.325747216253174;0;0;0;0.0139476
"Skip List randomly";"31696";"uint64_t";1;0.001381;0.39807348646646;0;0;0;0.0139535
"Skip List randomly";"12933";"uint64_t";1;0.0015661;0.326408602150538;0;0;0;0.0173764
"Skip List randomly";"26592";"uint64_t";1;0.0014155;0.324569356300997;0;0;0;0.0166505
"Skip List randomly";"334";"uint64_t";1;0.0007266;0.05032021957914;0;0;0;0.0139979
"Skip List randomly";"4027";"uint64_t";1;0.0013451;0.385995343953987;0;0;0;0.0126348
"Skip List randomly";"22751";"uint64_t";1;0.0013712;0.354759776010541;0;0;0;0.0138268
"Skip List randomly";"7630";"uint64_t";1;0.0013594;0.35831956573047;0;0;0;0.0135537
"Skip List randomly";"31881";"uint64_t";1;0.0007813;0.108856088560886;0;0;0;0.0144891
"Skip List randomly";"23209";"uint64_t";1;0.0008431;0.10919615840021;0;0;0;0.0154777
"Skip List randomly";"4357";"uint64_t";1;0.0013451;0.345513818606462;0;0;0;0.0135838
"Skip List randomly";"7721";"uint64_t";1;0.0007109;0.0244992073785848;0;0;0;0.0122078
"Skip List randomly";"25148";"uint64_t";1;0.0007421;0.025850152059718;0;0;0;0.0132427
"Skip List randomly";"20403";"uint64_t";1;0.0007824;0.104616687844134;0;0;0;0.0129104
"Skip List randomly";"28230";"uint64_t";1;0.0013889;0.0311126613184514;0;0;0;0.0143265
"Skip List randomly";"18194";"uint64_t";1;0.0014861;0.313706474554355;0;0;0;0.0139424
"Skip List randomly";"21451";"uint64_t";1;0.0007644;0.0259025634143069;0;0;0;0.0117161
"Skip List randomly";"4584";"uint64_t";1;0.000717;0.0250178699070764;0;0;0;0.0104446
"Skip List randomly";"18403";"uint64_t";1;0.0008217;0.0130686721735913;0;0;0;0.0117303
"Skip List randomly";"21627";"uint64_t";1;0.0008775;0.214532871972318;0;0;0;0.0131039
"Skip List randomly";"8563";"uint64_t";1;0.0013798;0.306981416373682;0;0;0;0.0144153
"Skip List randomly";"20641";"uint64_t";1;0.0007438;0.0365105908584169;0;0;0;0.0135778
"Skip List randomly";"8827";"uint64_t";1;0.0013595;0.369492625915963;0;0;0;0.013206
"Skip List randomly";"20512";"uint64_t";1;0.0013783;0.357765248590466;0;0;0;0.0134589
"Skip List randomly";"1996";"uint64_t";1;0.0014029;0.280453403087655;0;0;0;0.0130731
"Skip List randomly";"5994";"uint64_t";1;0.0007398;0.00982800982800977;0;0;0;0.0111436
"Skip List randomly";"6981";"uint64_t";1;0.0007219;0.0244075493117638;0;0;0;0.0130934
"Skip List randomly";"24785";"uint64_t";1;0.0014311;0.280275598471133;0;0;0;0.0146345
"Skip List randomly";"2426";"uint64_t";1;0.0013442;0.366272217245769;0;0;0;0.0136053
"Skip List randomly";"32419";"uint64_t";1;0.000754;0.0402869757174392;0;0;0;0.0120431
"Skip List randomly";"12755";"uint64_t";1;0.0007506;0.00643604183427193;0;0;0;0.0115071
"Skip List randomly";"14092";"uint64_t";1;0.0007227;0.0109106168694922;0;0;0;0.0104327
"Skip List randomly";"8934";"uint64_t";1;0.0008246;0.131914893617021;0;0;0;0.0138105
"Skip List randomly";"28269";"uint64_t";1;0.0014796;0.377639438041558;0;0;0;0.014646
"Skip List randomly";"14247";"uint64_t";1;0.0013784;0.355043982781209;0;0;0;0.0149143
"Skip List randomly";"2571";"uint64_t";1;0.0007022;0.0240630013125274;0;0;0;0.0112373
"Skip List randomly";"19773";"uint64_t";1;0.0013974;0.21512019770838;0;0;0;0.0144489
"Skip List randomly";"21760";"uint64_t";1;0.0007646;0.0717689935520046;0;0;0;0.0125613
"Skip List randomly";"12474";"uint64_t";1;0.0007354;0.0209634874357906;0;0;0;0.0135595
"Skip List randomly";"10925";"uint64_t";1;0.0014423;0.257999794217512;0;0;0;0.0152695
"Skip List randomly";"27649";"uint64_t";1;0.0008093;0.110760362338732;0;0;0;0.012702
"Skip List randomly";"10977";"uint64_t";1;0.0007595;0.054861111111111;0;0;0;0.0116231
"Skip List randomly";"21083";"uint64_t";1;0.0007431;0.0364016736401674;0;0;0;0.0144894
"Skip List randomly";"26451";"uint64_t";1;0.0014212;0.228865979381443;0;0;0;0.0165933
"Skip List randomly";"4574";"uint64_t";1;0.0007028;0.0185507246376811;0;0;0;0.0116886
"Skip List randomly";"7537";"uint64_t";1;0.000714;0.00691016781836124;0;0;0;0.0116473
"Skip List randomly";"13337";"uint64_t";1;0.0007631;0.0737301252286478;0;0;0;0.0139006
"Skip List randomly";"18219";"uint64_t";1;0.0015117;0.352174844653953;0;0;0;0.0156751
"Skip List randomly";"17929";"uint64_t";1;0.0014398;0.291018317904274;0;0;0;0.0166261
"Skip List randomly";"27468";"uint64_t";1;0.0014383;0.311686447166922;0;0;0;0.0139684
"Skip List randomly";"18845";"uint64_t";1;0.0007458;0.00756552283166715;0;0;0;0.0111267
"Skip List randomly";"10844";"uint64_t";1;0.0014274;0.207616298434551;0;0;0;0.0158227
"Skip List randomly";"14530";"uint64_t";1;0.0014413;0.232575475214312;0;0;0;0.0163701
"Skip List randomly";"25138";"uint64_t";1;0.0015268;0.365340649291267;0;0;0;0.016033
"Skip List randomly";"3078";"uint64_t";1;0.0007193;0.0361567271679631;0;0;0;0.0109003
"Skip List randomly";"13387";"uint64_t";1;0.0014197;0.25646800041898;0;0;0;0.0140615
"Skip List randomly";"27491";"uint64_t";1;0.0007719;0.0529259309780384;0;0;0;0.0121231
"Skip List randomly";"839";"uint64_t";1;0.0007728;0.0549101137336431;0;0;0;0.0114979
"Skip List randomly";"20149";"uint64_t";1;0.0007302;0.0119179600886918;0;0;0;0.0108697
"Skip List randomly";"10874";"uint64_t";1;0.0007657;0.0504870352586089;0;0;0;0.0123878
"Skip List randomly";"3284";"uint64_t";1;0.0007928;0.120882228191715;0;0;0;0.0126391
"Skip List randomly";"23556";"uint64_t";1;0.0008404;0.14573960463531;0;0;0;0.0150421
"Skip List randomly";"27307";"uint64_t";1;0.0014374;0.234692790970078;0;0;0;0.0135641
"Skip List randomly";"22328";"uint64_t";1;0.00141045;0.328389124327413;0;0;0;0.0151783
"Skip List randomly";"24336";"uint64_t";1;0.0014502;0.285791676926865;0;0;0;0.0151346
"Skip List randomly";"17641";"uint64_t";1;0.000766;0.0716284275321768;0;0;0;0.0125579
"Skip List randomly";"6407";"uint64_t";1;0.0014535;0.235523063167307;0;0;0;0.015882
"Skip List randomly";"19158";"uint64_t";1;0.0014735;0.272633033863165;0;0;0;0.0156948
"Skip List randomly";"21360";"uint64_t";1;0.0007444;0.0294565067072328;0;0;0;0.0123461
"Skip List randomly";"23003";"uint64_t";1;0.0014376;0.234993614303959;0;0;0;0.0149517
"Skip List randomly";"20174";"uint64_t";1;0.001819;0.20692361353331;0;0;0;0.0167728
"Skip List randomly";"25934";"uint64_t";1;0.0014352;0.354385964912281;0;0;0;0.0168789
"Skip List randomly";"18975";"uint64_t";1;0.000778;0.011177540940993;0;0;0;0.0128072
"Skip List randomly";"30350";"uint64_t";1;0.0008059;0.0178075271533216;0;0;0;0.0102985
"Skip List randomly";"19586";"uint64_t";1;0.0014404;0.220604945619826;0;0;0;0.0150025
"Skip List randomly";"11427";"uint64_t";1;0.0014405;0.355221341927398;0;0;0;0.0152231
"Skip List randomly";"20969";"uint64_t";1;0.0007823;0.0226136931534234;0;0;0;0.0117117
"Skip List randomly";"13003";"uint64_t";1;0.0013921;0.228625256275281;0;0;0;0.0129235
"Skip List randomly";"1833";"uint64_t";1;0.0013476;0.312378814164711;0;0;0;0.0129818
"Skip List randomly";"23580";"uint64_t";1;0.0008039;0.0175949367088607;0;0;0;0.0108086
"Skip List randomly";"8130";"uint64_t";1;0.001451;0.383837954902544;0;0;0;0.0147341
"Skip List randomly";"11426";"uint64_t";1;0.0007517;0.0547214816893503;0;0;0;0.0113857
"Skip List randomly";"28014";"uint64_t";1;0.0015236;0.245368994551758;0;0;0;0.0164255
"Skip List randomly";"18584";"uint64_t";1;0.0007775;0.0662369720241359;0;0;0;0.012
"Skip List randomly";"12156";"uint64_t";1;0.0013901;0.360138089758343;0;0;0;0.0132406
"Skip List randomly";"11889";"uint64_t";1;0.0014204;0.0204756088799483;0;0;0;0.0166952
"Skip List randomly";"29586";"uint64_t";1;0.0015783;0.349878485809614;0;0;0;0.0167752
"Skip List randomly";"22321";"uint64_t";1;0.0008211;0.0907279489904357;0;0;0;0.0133722
"Skip List randomly";"27986";"uint64_t";1;0.0008891;0.182313829787234;0;0;0;0.0132459
"Skip List randomly";"24966";"uint64_t";1;0.0007907;0.0647724212227308;0;0;0;0.0147256
"Skip List randomly";"5128";"uint64_t";1;0.0007661;0.0934912931772766;0;0;0;0.011814
"Skip List randomly";"20733";"uint64_t";1;0.0014444;0.0289747899159665;0;0;0;0.0147036
"Skip List randomly";"21656";"uint64_t";1;0.0007935;0.0695511524464214;0;0;0;0.0145239
"Skip List randomly";"13338";"uint64_t";1;0.0008012;0.0543492564811159;0;0;0;0.0141599
"Skip List randomly";"18398";"uint64_t";1;0.0015043;0.207971357868688;0;0;0;0.0145726
"Skip List randomly";"13187";"uint64_t";1;0.0007711;0.0390782913353996;0;0;0;0.0123778
"Skip List randomly";"4277";"uint64_t";1;0.0014003;0.283220720720721;0;0;0;0.0152493
"Skip List randomly";"18616";"uint64_t";1;0.0014911;0.180308943983288;0;0;0;0.0172279
"Skip List randomly";"9707";"uint64_t";1;0.000722;0.0271731398491962;0;0;0;0.0106766
"Skip List randomly";"28833";"uint64_t";1;0.0007743;0.0141453831041258;0;0;0;0.0116522
"Skip List randomly";"15150";"uint64_t";1;0.0007774;0.0527456158169139;0;0;0;0.014087
"Skip List randomly";"11252";"uint64_t";1;0.0007627;0.0303971899486626;0;0;0;0.0115766
"Skip List randomly";"22479";"uint64_t";1;0.00112605;0.449414339039773;0;0;0;0.0165741
"Skip List randomly";"17344";"uint64_t";1;0.0007866;0.075765864332604;0;0;0;0.0124781
"Skip List randomly";"22284";"uint64_t";1;0.0015507;0.292628409816623;0;0;0;0.0148438
"Skip List randomly";"14961";"uint64_t";1;0.0014244;0.363936768777351;0;0;0;0.0142981
"Skip List randomly";"16899";"uint64_t";1;0.0007379;0.0104066821854032;0;0;0;0.014025
"Skip List randomly";"30024";"uint64_t";1;0.0008463;0.0467532467532468;0;0;0;0.0134367
"Skip List randomly";"13148";"uint64_t";1;0.000949;0.266515414386761;0;0;0;0.0153321
"Skip List randomly";"3035";"uint64_t";1;0.0007248;0.046189376443418;0;0;0;0.0135186
"Skip List randomly";"30807";"uint64_t";1;0.0008773;0.114456300813008;0;0;0;0.0122897
"Skip List randomly";"21576";"uint64_t";1;0.0008123;0.0347770700636942;0;0;0;0.0138955
"Skip List randomly";"17470";"uint64_t";1;0.0014357;0.390412703804348;0;0;0;0.0144771
"Skip List randomly";"22516";"uint64_t";1;0.000763;0.0109977474493177;0;0;0;0.0130801
"Skip List randomly";"24132";"uint64_t";1;0.0015346;0.316284250389842;0;0;0;0.0148223
"Skip List randomly";"2480";"uint64_t";1;0.0008453;0.0860850571758962;0;0;0;0.0144187
"Skip List randomly";"7255";"uint64_t";1;0.0007403;0.0572693516138247;0;0;0;0.0128933
"Skip List randomly";"22872";"uint64_t";1;0.0015214;0.362417232419747;0;0;0;0.0154955
"Skip List randomly";"10233";"uint64_t";1;0.0007305;0.0297434451649281;0;0;0;0.0132226
"Skip List randomly";"3999";"uint64_t";1;0.0013763;0.0262487618508561;0;0;0;0.0136774
"Skip List randomly";"29744";"uint64_t";1;0.0008311;0.0596710442432742;0;0;0;0.0135452
"Skip List randomly";"22838";"uint64_t";1;0.0008141;0.0129728419010669;0;0;0;0.0103302
"Skip List randomly";"9319";"uint64_t";1;0.0013958;0.390985645097954;0;0;0;0.0146028
"Skip List randomly";"24689";"uint64_t";1;0.0008156;0.0662831742711465;0;0;0;0.0130705
"Skip List randomly";"18016";"uint64_t";1;0.0007474;0.0164558683530531;0;0;0;0.0110562
"Skip List randomly";"13675";"uint64_t";1;0.0007915;0.0540684511919031;0;0;0;0.0124004
"Skip List randomly";"17550";"uint64_t";1;0.0007508;0.0233065285539049;0;0;0;0.0121683
"Skip List randomly";"14490";"uint64_t";1;0.0007927;0.082184300341297;0;0;0;0.0123797
"Skip List randomly";"30651";"uint64_t";1;0.0015864;0.374028331294638;0;0;0;0.0168124
"Skip List randomly";"29785";"uint64_t";1;0.0016481;0.218576644066189;0;0;0;0.0193186
"Skip List randomly";"8989";"uint64_t";1;0.0015097;0.252216553568775;0;0;0;0.0177007
"Skip List randomly";"13115";"uint64_t";1;0.001519;0.277079763944413;0;0;0;0.0168454
"Skip List randomly";"3964";"uint64_t";1;0.0007007;0.00936329588014981;0;0;0;0.0115767
"Skip List randomly";"21946";"uint64_t";1;0.0007739;0.016684182869154;0;0;0;0.0153631
"Skip List randomly";"12021";"uint64_t";1;0.0008056;0.055832241153342;0;0;0;0.0138995
"Skip List randomly";"29035";"uint64_t";1;0.0016089;0.217080291970803;0;0;0;0.019204
"Skip List randomly";"22018";"uint64_t";1;0.0008408;0.09722040976119;0;0;0;0.0135937
"Skip List randomly";"2164";"uint64_t";1;0.0013468;0.395918367346939;0;0;0;0.0159613
"Skip List randomly";"30022";"uint64_t";1;0.0008807;0.0623642943305187;0;0;0;0.0137663
"Skip List randomly";"29662";"uint64_t";1;0.0008149;0.0211779448621554;0;0;0;0.0143632
"Skip List randomly";"2920";"uint64_t";1;0.0008444;0.221643518518519;0;0;0;0.0124523
"Skip List randomly";"7533";"uint64_t";1;0.0018853;0.177191987081569;0;0;0;0.0173239
"Skip List randomly";"12452";"uint64_t";1;0.0014795;0.453736523408655;0;0;0;0.0174299
"Skip List randomly";"14687";"uint64_t";1;0.0007858;0.0512374581939799;0;0;0;0.0130051
"Skip List randomly";"1891";"uint64_t";1;0.0013844;0.349344362457113;0;0;0;0.0145499
"Skip List randomly";"3400";"uint64_t";1;0.0014306;0.195659507477792;0;0;0;0.0165131
"Skip List randomly";"15136";"uint64_t";1;0.0007891;0.0659192219370525;0;0;0;0.013102
"Skip List randomly";"9007";"uint64_t";1;0.0007302;0.0234057463209529;0;0;0;0.0111973
"Skip List randomly";"21517";"uint64_t";1;0.0009281;0.149777006937562;0;0;0;0.015614
"Skip List randomly";"5584";"uint64_t";1;0.0008004;0.139521640091116;0;0;0;0.0124661
"Skip List randomly";"12737";"uint64_t";1;0.001436;0.327337455499344;0;0;0;0.0142827
"Skip List randomly";"19230";"uint64_t";1;0.0014939;0.311281176524826;0;0;0;0.0158996
"Skip List randomly";"4315";"uint64_t";1;0.001415;0.35827664399093;0;0;0;0.0148106
"Skip List randomly";"15032";"uint64_t";1;0.0014557;0.326906182087206;0;0;0;0.0145907
"Skip List randomly";"23195";"uint64_t";1;0.000875;0.0313531353135314;0;0;0;0.01256
"Skip List randomly";"32461";"uint64_t";1;0.0008721;0.0544069640914037;0;0;0;0.0119684
"Skip List randomly";"1762";"uint64_t";1;0.0015747;0.371603016880163;0;0;0;0.0172742
"Skip List randomly";"24094";"uint64_t";1;0.0008571;0.0871385083713851;0;0;0;0.0146336
"Skip List randomly";"29305";"uint64_t";1;0.0008256;0.015748031496063;0;0;0;0.0130585
"Skip List randomly";"8398";"uint64_t";1;0.0013868;0.305871164722959;0;0;0;0.0130573
"Skip List randomly";"29429";"uint64_t";1;0.0015669;0.346144216324487;0;0;0;0.0155415
"Skip List randomly";"28947";"uint64_t";1;0.0008371;0.0230994866780738;0;0;0;0.0120999
"Skip List randomly";"22868";"uint64_t";1;0.00209;0.147843105276034;0;0;0;0.018331
"Skip List randomly";"10484";"uint64_t";1;0.0008105;0.111644493210808;0;0;0;0.0132765
"Skip List randomly";"28598";"uint64_t";1;0.0008253;0.0230568984752695;0;0;0;0.0141048
"Skip List randomly";"31716";"uint64_t";1;0.0016964;0.039843079563565;0;0;0;0.0189663
"Skip List randomly";"21688";"uint64_t";1;0.0015117;0.0975464151393946;0;0;0;0.0150636
"Skip List randomly";"5296";"uint64_t";1;0.0007469;0.0263844991067748;0;0;0;0.0136007
"Skip List randomly";"20828";"uint64_t";1;0.0015077;0.329523724818784;0;0;0;0.0169403
"Skip List randomly";"8031";"uint64_t";1;0.0008179;0.14231843575419;0;0;0;0.0136327
"Skip List randomly";"20988";"uint64_t";1;0.0007976;0.0129540259080519;0;0;0;0.0118676
"Skip List randomly";"21896";"uint64_t";1;0.0007879;0.0133762057877814;0;0;0;0.0132355
"Skip List randomly";"18731";"uint64_t";1;0.0014947;0.0252380331289944;0;0;0;0.0162756
"Skip List randomly";"22950";"uint64_t";1;0.0009527;0.0250699375941467;0;0;0;0.0127477
"Skip List randomly";"10326";"uint64_t";1;0.0007643;0.0326982840156735;0;0;0;0.0123437
"Skip List randomly";"24258";"uint64_t";1;0.0008592;0.048316251830161;0;0;0;0.0152742
"Skip List randomly";"19298";"uint64_t";1;0.0015329;0.39295897354665;0;0;0;0.0156518
"Skip List randomly";"26919";"uint64_t";1;0.0015689;0.333460786812813;0;0;0;0.0148422
"Skip List randomly";"26069";"uint64_t";1;0.0008136;0.0108087961237421;0;0;0;0.0125536
"Skip List randomly";"6143";"uint64_t";1;0.0007675;0.0900440278369549;0;0;0;0.012747
"Skip List randomly";"25588";"uint64_t";1;0.0016468;0.0411644832605532;0;0;0;0.0159553
"Skip List randomly";"16879";"uint64_t";1;0.0021197;0.0978080442647372;0;0;0;0.0217346
"Skip List randomly";"7161";"uint64_t";1;0.0007349;0.0201277068295393;0;0;0;0.0112846
"Skip List randomly";"25781";"uint64_t";1;0.0008754;0.09425;0;0;0;0.0156499
"Skip List randomly";"29058";"uint64_t";1;0.0015951;0.385578367551327;0;0;0;0.0171542
"Skip List randomly";"11627";"uint64_t";1;0.0014712;0.344560278000535;0;0;0;0.0156828
"Skip List randomly";"19853";"uint64_t";1;0.0015657;0.0387401768172888;0;0;0;0.0136514
"Skip List randomly";"4655";"uint64_t";1;0.00107355;0.472508844339623;0;0;0;0.0141694
"Skip List randomly";"14147";"uint64_t";1;0.001483;0.0731829260671208;0;0;0;0.0172053
"Skip List randomly";"13057";"uint64_t";1;0.001446;0.369082420698983;0;0;0;0.0153855
"Skip List randomly";"30033";"uint64_t";1;0.0008447;0.0312538151629837;0;0;0;0.0125091
"Skip List randomly";"25954";"uint64_t";1;0.0015719;0.229611840815526;0;0;0;0.0153534
"Skip List randomly";"29449";"uint64_t";1;0.0009285;0.127093954843409;0;0;0;0.0165676
"Skip List randomly";"21100";"uint64_t";1;0.0015917;0.37084469741887;0;0;0;0.0182968
"Skip List randomly";"21131";"uint64_t";1;0.0010492;0.259241478636582;0;0;0;0.0170986
"Skip List randomly";"13128";"uint64_t";1;0.0008088;0.0385208012326657;0;0;0;0.0150638
"Skip List randomly";"14106";"uint64_t";1;0.0007934;0.0573027718550106;0;0;0;0.0116932
"Skip List randomly";"8325";"uint64_t";1;0.0007415;0.0341701534170153;0;0;0;0.0132256
"Skip List randomly";"11719";"uint64_t";1;0.0007407;0.00871578373961588;0;0;0;0.0129667
"Skip List randomly";"28100";"uint64_t";1;0.0017004;0.294586185438706;0;0;0;0.0181589
"Skip List randomly";"8219";"uint64_t";1;0.0007263;0.0112781954887219;0;0;0;0.0131614
"Skip List randomly";"21164";"uint64_t";1;0.000907;0.14289314516129;0;0;0;0.0150978
"Skip List randomly";"30824";"uint64_t";1;0.0008651;0.0271906910472573;0;0;0;0.0139288
"Skip List randomly";"19587";"uint64_t";1;0.0007836;0.0151574038087835;0;0;0;0.0124349
"Skip List randomly";"13266";"uint64_t";1;0.0014927;0.0242914979757086;0;0;0;0.0178622
"Skip List randomly";"21939";"uint64_t";1;0.000854;0.0311968235961429;0;0;0;0.0122905
"Skip List randomly";"522";"uint64_t";1;0.0007757;0.107668142224761;0;0;0;0.0128775
"Skip List randomly";"1241";"uint64_t";1;0.0012134;0.37611188235899;0;0;0;0.0146686
"Skip List randomly";"31722";"uint64_t";1;0.0008641;0.0121184406082085;0;0;0;0.0137408
"Skip List randomly";"14859";"uint64_t";1;0.0007838;0.0309088517690385;0;0;0;0.0131546
"Skip List randomly";"2250";"uint64_t";1;0.0006945;0.00593858632676716;0;0;0;0.0118931
"Skip List randomly";"29823";"uint64_t";1;0.0009249;0.0436696005416385;0;0;0;0.0159959
"Skip List randomly";"29353";"uint64_t";1;0.0008835;0.0540443808160343;0;0;0;0.0138755
"Skip List randomly";"31618";"uint64_t";1;0.0017529;0.30196718700223;0;0;0;0.0184562
"Skip List randomly";"22625";"uint64_t";1;0.0015997;0.301624028638785;0;0;0;0.0152609
"Skip List randomly";"23804";"uint64_t";1;0.0008633;0.0622615971453181;0;0;0;0.0140493
"Skip List randomly";"11895";"uint64_t";1;0.0007822;0.0565986762123463;0;0;0;0.0141325
"Skip List randomly";"24227";"uint64_t";1;0.0009136;0.0439949720031996;0;0;0;0.0156267
"Skip List randomly";"12500";"uint64_t";1;0.0008056;0.0752802989855846;0;0;0;0.01333
"Skip List randomly";"9291";"uint64_t";1;0.0014698;0.313466299219954;0;0;0;0.0160938
"Skip List randomly";"5879";"uint64_t";1;0.0013901;0.293935392117026;0;0;0;0.0141609
"Skip List randomly";"21049";"uint64_t";1;0.001572;0.206621580700515;0;0;0;0.0180774
"Skip List randomly";"17303";"uint64_t";1;0.0014911;0.359987981801013;0;0;0;0.0173513
"Skip List randomly";"15894";"uint64_t";1;0.000807;0.0391713299202286;0;0;0;0.0131232
"Skip List randomly";"27429";"uint64_t";1;0.0008749;0.0334278289629104;0;0;0;0.0147779
"Skip List randomly";"3826";"uint64_t";1;0.001799;0.212829264023803;0;0;0;0.0173448
"Skip List randomly";"6008";"uint64_t";1;0.0014375;0.042942743009321;0;0;0;0.0156685
"Skip List randomly";"26968";"uint64_t";1;0.0008789;0.0506873879258816;0;0;0;0.013385
"Skip List randomly";"32522";"uint64_t";1;0.0009151;0.0680438842203547;0;0;0;0.0151928
"Skip List randomly";"30533";"uint64_t";1;0.0009795;0.126120947344217;0;0;0;0.0147089
"Skip List randomly";"25886";"uint64_t";1;0.0017357;0.274312233464336;0;0;0;0.0183239
"Skip List randomly";"12275";"uint64_t";1;0.0007789;0.045503355704698;0;0;0;0.0117112
"Skip List randomly";"22257";"uint64_t";1;0.0020109;0.190491526106034;0;0;0;0.017264
"Skip List randomly";"7937";"uint64_t";1;0.000731;0.0161245482346399;0;0;0;0.0138281
"Skip List randomly";"23242";"uint64_t";1;0.0016005;0.317454902128023;0;0;0;0.0172169
"Skip List randomly";"17852";"uint64_t";1;0.0017241;0.201694679816641;0;0;0;0.0187467
"Skip List randomly";"13075";"uint64_t";1;0.0008085;0.0434950955085183;0;0;0;0.0126483
"Skip List randomly";"30664";"uint64_t";1;0.0010301;0.170435177820702;0;0;0;0.0167644
"Skip List randomly";"31989";"uint64_t";1;0.0017454;0.323671871972721;0;0;0;0.0198002
"Skip List randomly";"2658";"uint64_t";1;0.00136;0.362071391716309;0;0;0;0.0149612
"Skip List randomly";"27467";"uint64_t";1;0.0016493;0.366214502555432;0;0;0;0.0181285
"Skip List randomly";"28031";"uint64_t";1;0.0017453;0.329143603936039;0;0;0;0.0199562
"Skip List randomly";"32762";"uint64_t";1;0.0009467;0.0492075806272858;0;0;0;0.0155424
"Skip List randomly";"26098";"uint64_t";1;0.000905;0.0134378499440089;0;0;0;0.0124544
"Skip List randomly";"25916";"uint64_t";1;0.0009877;0.159544494012679;0;0;0;0.0170568
"Skip List randomly";"2232";"uint64_t";1;0.0013088;0.250229147571036;0;0;0;0.0137652
"Skip List randomly";"8219";"uint64_t";1;0.0014192;0.384562012142238;0;0;0;0.0148242
"Skip List randomly";"27306";"uint64_t";1;0.0016226;0.260639752118837;0;0;0;0.0163235
"Skip List randomly";"18678";"uint64_t";1;0.0015626;0.250299860864559;0;0;0;0.0162793
"Skip List randomly";"24387";"uint64_t";1;0.0016023;0.231695037161352;0;0;0;0.0149883
"Skip List randomly";"14803";"uint64_t";1;0.0020941;0.473738439887414;0;0;0;0.0271131
"Skip List randomly";"15414";"uint64_t";1;0.0008481;0.0776365946632782;0;0;0;0.0142374
"Skip List randomly";"811";"uint64_t";1;0.0008683;0.228320837459329;0;0;0;0.0135339
"Skip List randomly";"24573";"uint64_t";1;0.0022049;0.223736093507957;0;0;0;0.0208466
"Skip List randomly";"27286";"uint64_t";1;0.0016746;0.0144172522413376;0;0;0;0.0181886
"Skip List randomly";"31427";"uint64_t";1;0.0009028;0.0354398440188095;0;0;0;0.0131853
"Skip List randomly";"21873";"uint64_t";1;0.0008372;0.0247246022031823;0;0;0;0.0118572
"Skip List randomly";"6261";"uint64_t";1;0.0007566;0.0601092896174864;0;0;0;0.0138585
"Skip List randomly";"19988";"uint64_t";1;0.001565;0.465121842851772;0;0;0;0.0183072
"Skip List randomly";"2371";"uint64_t";1;0.0008804;0.27060181844422;0;0;0;0.0130617
"Skip List randomly";"6153";"uint64_t";1;0.0007822;0.0584573748308526;0;0;0;0.0135939
"Skip List randomly";"17267";"uint64_t";1;0.0009189;0.184302100786184;0;0;0;0.0131533
"Skip List randomly";"3472";"uint64_t";1;0.0016359;0.441448585778483;0;0;0;0.0172952
"Skip List randomly";"23331";"uint64_t";1;0.0016249;0.303574489970855;0;0;0;0.0161417
"Skip List randomly";"4208";"uint64_t";1;0.0013963;0.355415012464223;0;0;0;0.0143762
"Skip List randomly";"17934";"uint64_t";1;0.0018248;0.31910447761194;0;0;0;0.0192136
"Skip List randomly";"15713";"uint64_t";1;0.0016111;0.296647166681219;0;0;0;0.0163413
"Skip List randomly";"21854";"uint64_t";1;0.001639;0.301125703564728;0;0;0;0.0170335
"Skip List randomly";"21821";"uint64_t";1;0.0009323;0.129376135675348;0;0;0;0.0158283
"Skip List randomly";"8287";"uint64_t";1;0.0014252;0.35925909274828;0;0;0;0.0150454
"Skip List randomly";"4959";"uint64_t";1;0.0007508;0.06045197740113;0;0;0;0.0125061
"Skip List randomly";"27634";"uint64_t";1;0.0017724;0.327336900831151;0;0;0;0.0186155
"Skip List randomly";"15288";"uint64_t";1;0.0015328;0.338569086044705;0;0;0;0.0159419
"Skip List randomly";"22206";"uint64_t";1;0.0009028;0.0660054315739757;0;0;0;0.0166571
"Skip List randomly";"12536";"uint64_t";1;0.0008283;0.0933210137275608;0;0;0;0.013471
"Skip List randomly";"13111";"uint64_t";1;0.0019775;0.147640879809645;0;0;0;0.0205996
"Skip List randomly";"22150";"uint64_t";1;0.0008679;0.0500907441016334;0;0;0;0.0152243
"Skip List randomly";"10022";"uint64_t";1;0.0016732;0.316307767744044;0;0;0;0.0164646
"Skip List randomly";"24100";"uint64_t";1;0.0008689;0.0253717252773189;0;0;0;0.0130085
"Skip List randomly";"89";"uint64_t";1;0.0013842;0.226833491593588;0;0;0;0.0151368
"Skip List randomly";"9290";"uint64_t";1;0.0016015;0.233034816340214;0;0;0;0.0172931
"Skip List randomly";"9873";"uint64_t";1;0.0014413;0.318534278959811;0;0;0;0.017864
"Skip List randomly";"3422";"uint64_t";1;0.0007417;0.0597228175453635;0;0;0;0.0143533
"Skip List randomly";"15358";"uint64_t";1;0.0007964;0.0237819771178814;0;0;0;0.0123321
"Skip List randomly";"9733";"uint64_t";1;0.0007797;0.0502424568965517;0;0;0;0.0119932
"Skip List randomly";"15967";"uint64_t";1;0.0009009;0.0837242872609167;0;0;0;0.0154698
"Skip List randomly";"3249";"uint64_t";1;0.0014174;0.0154209502639622;0;0;0;0.0150072
"Skip List randomly";"19581";"uint64_t";1;0.0008535;0.0580141316474525;0;0;0;0.0148581
"Skip List randomly";"24996";"uint64_t";1;0.0017382;0.194345307068366;0;0;0;0.0180323
"Skip List randomly";"26600";"uint64_t";1;0.0016898;0.46423589093215;0;0;0;0.017873
"Skip List randomly";"21064";"uint64_t";1;0.0016398;0.343817527010804;0;0;0;0.0158609
"Skip List randomly";"31082";"uint64_t";1;0.000965;0.0204081632653062;0;0;0;0.014159
"Skip List randomly";"30692";"uint64_t";1;0.0009394;0.0476190476190476;0;0;0;0.0145016
"Skip List randomly";"4938";"uint64_t";1;0.0013987;0.364516129032258;0;0;0;0.0133684
"Skip List randomly";"29069";"uint64_t";1;0.0009318;0.0418157423971378;0;0;0;0.0147118
"Skip List randomly";"3562";"uint64_t";1;0.00158645;0.132897901180586;0;0;0;0.0162832
"Skip List randomly";"11650";"uint64_t";1;0.0007664;0.0138907262865458;0;0;0;0.0122799
"Skip List randomly";"20881";"uint64_t";1;0.0009169;0.0466894977168949;0;0;0;0.0154662
"Skip List randomly";"28434";"uint64_t";1;0.001716;0.399243803388881;0;0;0;0.0182368
"Skip List randomly";"26302";"uint64_t";1;0.0020602;0.495605337250581;0;0;0;0.021542
"Skip List randomly";"19033";"uint64_t";1;0.0008823;0.0582943504857862;0;0;0;0.0152441
"Skip List randomly";"24634";"uint64_t";1;0.001681;0.406991921543726;0;0;0;0.0172213
"Skip List randomly";"27814";"uint64_t";1;0.0018035;0.356742875485965;0;0;0;0.019244
"Skip List randomly";"17586";"uint64_t";1;0.0009446;0.160870099545287;0;0;0;0.0157887
"Skip List randomly";"22992";"uint64_t";1;0.0008668;0.0265277119848413;0;0;0;0.014918
"Skip List randomly";"4693";"uint64_t";1;0.00145;0.274019926901317;0;0;0;0.015093
"Skip List randomly";"28176";"uint64_t";1;0.0009315;0.0532564450474898;0;0;0;0.0138972
"Skip List randomly";"27916";"uint64_t";1;0.0017892;0.355336167759602;0;0;0;0.019624
"Skip List randomly";"29237";"uint64_t";1;0.0010076;0.0480549199084669;0;0;0;0.0157798
"Skip List randomly";"8398";"uint64_t";1;0.0014652;0.232799245994345;0;0;0;0.0134118
"Skip List randomly";"32061";"uint64_t";1;0.0020212;0.22904985314872;0;0;0;0.020886
"Skip List randomly";"13982";"uint64_t";1;0.0009029;0.159645517595685;0;0;0;0.0157186
"Skip List randomly";"10167";"uint64_t";1;0.001458;0.0845158859726233;0;0;0;0.0135925
"Skip List randomly";"8585";"uint64_t";1;0.0016151;0.0547247436818389;0;0;0;0.0186428
"Skip List randomly";"9439";"uint64_t";1;0.0018589;0.228095673116851;0;0;0;0.0184193
"Skip List randomly";"29078";"uint64_t";1;0.0018594;0.362870065789474;0;0;0;0.019847
"Skip List randomly";"32734";"uint64_t";1;0.0018468;0.384153661464586;0;0;0;0.0195106
"Skip List randomly";"15777";"uint64_t";1;0.0008652;0.09201060204468;0;0;0;0.0136924
"Skip List randomly";"13283";"uint64_t";1;0.0008174;0.0488900295136661;0;0;0;0.0116583
"Skip List randomly";"9417";"uint64_t";1;0.0007863;0.055719656283566;0;0;0;0.0124699
"Skip List randomly";"22698";"uint64_t";1;0.0017241;0.265871833084948;0;0;0;0.0183989
"Skip List randomly";"21104";"uint64_t";1;0.0008928;0.0469043151969981;0;0;0;0.0159617
"Skip List randomly";"24666";"uint64_t";1;0.0009468;0.0909090909090909;0;0;0;0.0144327
"Skip List randomly";"1064";"uint64_t";1;0.0007395;0.0776741474788692;0;0;0;0.0115649
"Skip List randomly";"14505";"uint64_t";1;0.0015706;0.23649798259686;0;0;0;0.0163622
"Skip List randomly";"26693";"uint64_t";1;0.0009915;0.100321828875818;0;0;0;0.0158194
"Skip List randomly";"12961";"uint64_t";1;0.0008416;0.104317018763942;0;0;0;0.0163472
"Skip List randomly";"32285";"uint64_t";1;0.0009718;0.0169526998744244;0;0;0;0.0151548
"Skip List randomly";"13";"uint64_t";1;7.32956662113498e-08;0.0289608686886011;0;0;0;0.0121832
"Skip List randomly";"8450";"uint64_t";1;0.0047623;0.261068742717932;0;0;0;0.0706047
"Skip List randomly";"13043";"uint64_t";1;0.0037243;0.0683893238612202;0;0;0;0.0555077
"Skip List randomly";"2960";"uint64_t";1;0.0075043;0.509195672932282;0;0;0;0.0937556
"Skip List randomly";"17897";"uint64_t";1;0.0088817;0.351563469639559;0;0;0;0.1208485
"Skip List randomly";"13802";"uint64_t";1;0.0078661;0.19407675025806;0;0;0;0.1140384
"Skip List randomly";"31005";"uint64_t";1;0.0096297;0.237750642673522;0;0;0;0.140523
"Skip List randomly";"26190";"uint64_t";1;0.0092789;0.341314687300348;0;0;0;0.1383907
"Skip List randomly";"9909";"uint64_t";1;0.0035657;0.117809335715853;0;0;0;0.0590725
"Skip List randomly";"17928";"uint64_t";1;0.0039637;0.168509183101913;0;0;0;0.0622957
"Skip List randomly";"29704";"uint64_t";1;0.0094097;0.401037555697008;0;0;0;0.1080807
"Skip List randomly";"7790";"uint64_t";1;0.008448;0.417680510080993;0;0;0;0.0984328
"Skip List randomly";"10549";"uint64_t";1;0.0038036;0.106115683252392;0;0;0;0.0583313
"Skip List randomly";"1916";"uint64_t";1;0.0042173;0.297032139012763;0;0;0;0.0643039
"Skip List randomly";"1077";"uint64_t";1;0.0036233;0.0678435648816716;0;0;0;0.0640808
"Skip List randomly";"6997";"uint64_t";1;0.0078596;0.378392913634926;0;0;0;0.0970005
"Skip List randomly";"2848";"uint64_t";1;0.0067369;0.398184790473723;0;0;0;0.0680792
"Skip List randomly";"13835";"uint64_t";1;0.0060728;0.295629581516192;0;0;0;0.0764914
"Skip List randomly";"29575";"uint64_t";1;0.0100023;0.320251177394035;0;0;0;0.1098067
"Skip List randomly";"30141";"uint64_t";1;0.0093524;0.545927260192167;0;0;0;0.1395487
"Skip List randomly";"27556";"uint64_t";1;0.0050655;0.140005401269298;0;0;0;0.0746043
"Skip List randomly";"29393";"uint64_t";1;0.0096464;0.393506526167543;0;0;0;0.1031692
"Skip List randomly";"5829";"uint64_t";1;0.0052142;0.347490927293205;0;0;0;0.0600288
"Skip List randomly";"25842";"uint64_t";1;0.0091884;0.464145749743398;0;0;0;0.1027511
"Skip List randomly";"6299";"uint64_t";1;0.0065842;0.412340125489776;0;0;0;0.075953
"Skip List randomly";"3621";"uint64_t";1;0.0059984;0.479933066872437;0;0;0;0.0584633
"Skip List randomly";"25682";"uint64_t";1;0.0050795;0.261392137872805;0;0;0;0.0802552
"Skip List randomly";"17936";"uint64_t";1;0.0101364;0.401123734911998;0;0;0;0.0973554
"Skip List randomly";"1610";"uint64_t";1;0.003548;0.151387311374331;0;0;0;0.0616155
"Skip List randomly";"11037";"uint64_t";1;0.00446;0.121363739220074;0;0;0;0.0771092
"Skip List randomly";"25200";"uint64_t";1;0.0109117;0.177758829116657;0;0;0;0.1406421
"Skip List randomly";"29853";"uint64_t";1;0.0058924;0.195406962590278;0;0;0;0.1002495
"Skip List randomly";"12998";"uint64_t";1;0.0043318;0.178977736650155;0;0;0;0.0736
"Skip List randomly";"26688";"uint64_t";1;0.0088244;0.519009282525632;0;0;0;0.108524
"Skip List randomly";"26967";"uint64_t";1;0.0096461;0.373210653878893;0;0;0;0.1082578
"Skip List randomly";"8819";"uint64_t";1;0.0075344;0.306837418120262;0;0;0;0.0843739
"Skip List randomly";"2005";"uint64_t";1;0.003019;0.0651660021874889;0;0;0;0.0430238
"Skip List randomly";"28071";"uint64_t";1;0.0086223;0.355370974012381;0;0;0;0.0886658
"Skip List randomly";"6806";"uint64_t";1;0.006904;0.316767112984789;0;0;0;0.0658559
"Skip List randomly";"28144";"uint64_t";1;0.0098276;0.282326909454713;0;0;0;0.103846
"Skip List randomly";"4196";"uint64_t";1;0.0047103;0.375416031293509;0;0;0;0.0688752
"Skip List randomly";"16499";"uint64_t";1;0.00823;0.229003700407513;0;0;0;0.0925383
"Skip List randomly";"19076";"uint64_t";1;0.009776;0.226353555120678;0;0;0;0.1097762
"Skip List randomly";"13048";"uint64_t";1;0.0096761;0.397986673220141;0;0;0;0.1128791
"Skip List randomly";"20055";"uint64_t";1;0.0108154;0.426296553663026;0;0;0;0.1044471
"Skip List randomly";"27648";"uint64_t";1;0.0074076;0.180776281182753;0;0;0;0.111878
"Skip List randomly";"7491";"uint64_t";1;0.0051705;0.386676321506155;0;0;0;0.0990791
"Skip List randomly";"18498";"uint64_t";1;0.010976;0.331049866526896;0;0;0;0.128584
"Skip List randomly";"16613";"uint64_t";1;0.0049864;0.235694991698263;0;0;0;0.0779609
"Skip List randomly";"9651";"uint64_t";1;0.0077575;0.302408186755872;0;0;0;0.1043667
"Skip List randomly";"1838";"uint64_t";1;0.0062723;0.361929176712343;0;0;0;0.0598879
"Skip List randomly";"5444";"uint64_t";1;0.007225;0.366489254430191;0;0;0;0.0744914
"Skip List randomly";"25546";"uint64_t";1;0.0054833;0.161297837643222;0;0;0;0.1002165
"Skip List randomly";"14907";"uint64_t";1;0.0053292;0.384647360399058;0;0;0;0.0890935
"Skip List randomly";"8343";"uint64_t";1;0.0092847;0.411108433123605;0;0;0;0.1080084
"Skip List randomly";"3381";"uint64_t";1;0.0069286;0.230121338726166;0;0;0;0.0782213
"Skip List randomly";"3000";"uint64_t";1;0.006761;0.357239963113313;0;0;0;0.0777331
"Skip List randomly";"4089";"uint64_t";1;0.0032769;0.130277317880795;0;0;0;0.0507653
"Skip List randomly";"18";"uint64_t";1;0.0008149;0.0565279398418255;0;0;0;0.0127853
"Skip List randomly";"3332";"uint64_t";1;0.0036403;0.0873467545816934;0;0;0;0.0500981
"Skip List randomly";"9008";"uint64_t";1;0.007203;0.305654629933101;0;0;0;0.0831665
"Skip List randomly";"15469";"uint64_t";1;0.0044181;0.333162341581171;0;0;0;0.0659066
"Skip List randomly";"22718";"uint64_t";1;0.0050616;0.134302937946799;0;0;0;0.0775678
"Skip List randomly";"14165";"uint64_t";1;0.0039004;0.0725107927516705;0;0;0;0.0648613
"Skip List randomly";"10281";"uint64_t";1;0.0070735;0.36289697908598;0;0;0;0.0731202
"Skip List randomly";"1500";"uint64_t";1;0.0032906;0.0785316289741068;0;0;0;0.0441692
"Skip List randomly";"23314";"uint64_t";1;0.0094183;0.256950580661449;0;0;0;0.1000697
"Skip List randomly";"25952";"uint64_t";1;0.0089284;0.303040474610671;0;0;0;0.0839666
"Skip List randomly";"7083";"uint64_t";1;0.0034649;0.0978074900196438;0;0;0;0.0562017
"Skip List randomly";"3095";"uint64_t";1;0.0036174;0.0542250575193474;0;0;0;0.0536817
"Skip List randomly";"1969";"uint64_t";1;0.00625;0.0814901903152325;0;0;0;0.0741276
"Skip List randomly";"25396";"uint64_t";1;0.0089468;0.433671563942043;0;0;0;0.1076197
"Skip List randomly";"9357";"uint64_t";1;0.0104006;0.579719398063588;0;0;0;0.1123308
"Skip List randomly";"27898";"uint64_t";1;0.0051957;0.11154611385662;0;0;0;0.0849884
"Skip List randomly";"30232";"uint64_t";1;0.0110263;0.461111762750963;0;0;0;0.1157911
"Skip List randomly";"2277";"uint64_t";1;0.0035814;0.313841300121061;0;0;0;0.0616898
"Skip List randomly";"32297";"uint64_t";1;0.0172378;0.174185697791958;0;0;0;0.1617664
"Skip List randomly";"30728";"uint64_t";1;0.0054504;0.0881431052726147;0;0;0;0.0925678
"Skip List randomly";"21395";"uint64_t";1;0.0047393;0.0693125155118342;0;0;0;0.0982799
"Skip List randomly";"31510";"uint64_t";1;0.0109539;0.264796896288941;0;0;0;0.1381438
"Skip List randomly";"11796";"uint64_t";1;0.0107117;0.417754189056833;0;0;0;0.1325109
"Skip List randomly";"23290";"uint64_t";1;0.0125055;0.485294117647059;0;0;0;0.1265754
"Skip List randomly";"11701";"uint64_t";1;0.0065536;0.300343260778984;0;0;0;0.0883715
"Skip List randomly";"307";"uint64_t";1;0.0094136;0.318886613751637;0;0;0;0.0926104
"Skip List randomly";"25650";"uint64_t";1;0.0109481;0.402565865584004;0;0;0;0.1190891
"Skip List randomly";"22007";"uint64_t";1;0.0094512;0.395981389641597;0;0;0;0.129316
"Skip List randomly";"7561";"uint64_t";1;0.0046537;0.232474376969729;0;0;0;0.0720583
"Skip List randomly";"7656";"uint64_t";1;0.0045231;0.402465123652505;0;0;0;0.0907283
"Skip List randomly";"23875";"uint64_t";1;0.0055049;0.154091280739638;0;0;0;0.0916325
"Skip List randomly";"23099";"uint64_t";1;0.0045937;0.104000468119136;0;0;0;0.0683507
"Skip List randomly";"15209";"uint64_t";1;0.0098949;0.413885631019654;0;0;0;0.1200122
"Skip List randomly";"25809";"uint64_t";1;0.0054139;0.176576694049637;0;0;0;0.0961485
"Skip List randomly";"6443";"uint64_t";1;0.0077101;0.317351962034282;0;0;0;0.0844554
"Skip List randomly";"4586";"uint64_t";1;0.0033701;0.112758370204055;0;0;0;0.0569716
"Skip List randomly";"21695";"uint64_t";1;0.0060013;0.362289734026162;0;0;0;0.0979847
"Skip List randomly";"3508";"uint64_t";1;0.0033682;0.0644376323357456;0;0;0;0.0545293
"Skip List randomly";"30558";"uint64_t";1;0.0072542;0.501624956012337;0;0;0;0.1099853
"Skip List randomly";"8087";"uint64_t";1;0.0083135;0.182843999724781;0;0;0;0.0809909
"Skip List randomly";"27967";"uint64_t";1;0.0046097;0.0261336063931617;0;0;0;0.0646773
"Skip List randomly";"15577";"uint64_t";1;0.0050504;0.224250357549754;0;0;0;0.0830222
"Skip List randomly";"2402";"uint64_t";1;0.0063937;0.124066691326565;0;0;0;0.0614824
"Skip List randomly";"14393";"uint64_t";1;0.0051487;0.300998104864182;0;0;0;0.0877315
"Skip List randomly";"11020";"uint64_t";1;0.0085813;0.266198062303857;0;0;0;0.0945677
"Skip List randomly";"26638";"uint64_t";1;0.0115484;0.393294316665441;0;0;0;0.1361189
"Skip List randomly";"20824";"uint64_t";1;0.0101318;0.48247733367386;0;0;0;0.1263006
"Skip List randomly";"4734";"uint64_t";1;0.0083046;0.381799233260133;0;0;0;0.0981312
"Skip List randomly";"21415";"uint64_t";1;0.011768;0.379334715168009;0;0;0;0.1106124
"Skip List randomly";"4902";"uint64_t";1;0.003793;0.210081352687829;0;0;0;0.0928586
"Skip List randomly";"9064";"uint64_t";1;0.0078788;0.37793217796376;0;0;0;0.0803679
"Skip List randomly";"11835";"uint64_t";1;0.0042344;0.125571504518873;0;0;0;0.0649038
"Skip List randomly";"6425";"uint64_t";1;0.0034133;0.116917539267016;0;0;0;0.0642122
"Skip List randomly";"6605";"uint64_t";1;0.0072681;0.512558095864044;0;0;0;0.0823751
"Skip List randomly";"29090";"uint64_t";1;0.0061833;0.281698899322181;0;0;0;0.097577
"Skip List randomly";"17234";"uint64_t";1;0.0068725;0.341080279436444;0;0;0;0.0994007
"Skip List randomly";"19334";"uint64_t";1;0.0086569;0.449604221635884;0;0;0;0.1228063
"Skip List randomly";"14084";"uint64_t";1;0.0115277;0.389700666010186;0;0;0;0.1134002
"Skip List randomly";"5460";"uint64_t";1;0.0075588;0.429257463869886;0;0;0;0.0931296
"Skip List randomly";"18453";"uint64_t";1;0.0111014;0.431993655504106;0;0;0;0.1296223
"Skip List randomly";"3";"uint64_t";1;7.30701864131115e-08;0.0227300145549384;0;0;0;0.0118969
"Skip List randomly";"15901";"uint64_t";1;0.0278158;0.289733801468241;0;0;0;0.2947082
"Skip List randomly";"24957";"uint64_t";1;0.0166801;0.373661758408275;0;0;0;0.232517
"Skip List randomly";"28539";"uint64_t";1;0.023929;0.343115186120567;0;0;0;0.2445705
"Skip List randomly";"6203";"uint64_t";1;0.0123997;0.143894316368232;0;0;0;0.2063831
"Skip List randomly";"6035";"uint64_t";1;0.0144886;0.184473639031728;0;0;0;0.2111158
"Skip List randomly";"29375";"uint64_t";1;0.0242665;0.440785456020316;0;0;0;0.2659
"Skip List randomly";"25854";"uint64_t";1;0.0116381;0.015089198063708;0;0;0;0.1590292
"Skip List randomly";"31795";"uint64_t";1;0.0302995;0.184962717481359;0;0;0;0.2854205
"Skip List randomly";"11949";"uint64_t";1;0.0153544;0.271617514306774;0;0;0;0.2211975
"Skip List randomly";"4989";"uint64_t";1;0.0198626;0.335227653051662;0;0;0;0.2302978
"Skip List randomly";"24129";"uint64_t";1;0.0151618;0.244821386054073;0;0;0;0.2430207
"Skip List randomly";"5860";"uint64_t";1;0.0207073;0.349561344268577;0;0;0;0.2134854
"Skip List randomly";"17489";"uint64_t";1;0.0231676;0.486197757842561;0;0;0;0.2475548
"Skip List randomly";"23205";"uint64_t";1;0.0137821;0.0850253107753837;0;0;0;0.2319117
"Skip List randomly";"2746";"uint64_t";1;0.0099464;0.0255410449589012;0;0;0;0.141491
"Skip List randomly";"13707";"uint64_t";1;0.0203176;0.282763100297943;0;0;0;0.2070259
"Skip List randomly";"17458";"uint64_t";1;0.0123451;0.10608273378072;0;0;0;0.1942183
"Skip List randomly";"27860";"uint64_t";1;0.0280494;0.324844566507242;0;0;0;0.2980511
"Skip List randomly";"27553";"uint64_t";1;0.0131559;0.102628358784384;0;0;0;0.1851157
"Skip List randomly";"24698";"uint64_t";1;0.0136724;0.0883069330573907;0;0;0;0.1972895
"Skip List randomly";"13134";"uint64_t";1;0.0224967;0.366343689265696;0;0;0;0.2450307
"Skip List randomly";"9977";"uint64_t";1;0.0206513;0.380131229814261;0;0;0;0.2295199
"Skip List randomly";"5720";"uint64_t";1;0.0258493;0.216546420621138;0;0;0;0.2632049
"Skip List randomly";"8902";"uint64_t";1;0.029469;0.174560936668441;0;0;0;0.2778281
"Skip List randomly";"13716";"uint64_t";1;0.0220318;0.340827085215747;0;0;0;0.2279479
"Skip List randomly";"1614";"uint64_t";1;0.0103941;0.0443182959911584;0;0;0;0.1630467
"Skip List randomly";"6266";"uint64_t";1;0.0156438;0.348888509674815;0;0;0;0.2406519
"Skip List randomly";"25370";"uint64_t";1;0.013231;0.0955626029858656;0;0;0;0.1978429
"Skip List randomly";"4127";"uint64_t";1;0.019691;0.365250776069654;0;0;0;0.2271463
"Skip List randomly";"2487";"uint64_t";1;0.0197917;0.3457267627331;0;0;0;0.2135919
"Skip List randomly";"24867";"uint64_t";1;0.0227554;0.319580662137595;0;0;0;0.2207363
"Skip List randomly";"26726";"uint64_t";1;0.0252015;0.350094901127467;0;0;0;0.2770122
"Skip List randomly";"9314";"uint64_t";1;0.0110329;0.0230994640108311;0;0;0;0.1594543
"Skip List randomly";"3418";"uint64_t";1;0.0201395;0.233802548982309;0;0;0;0.2531448
"Skip List randomly";"20664";"uint64_t";1;0.0264044;0.242769510491917;0;0;0;0.3088762
"Skip List randomly";"5122";"uint64_t";1;0.0205527;0.194542419112114;0;0;0;0.236213
"Skip List randomly";"27066";"uint64_t";1;0.0290482;0.309408788763468;0;0;0;0.3077504
"Skip List randomly";"11625";"uint64_t";1;0.0117919;0.0540599079080365;0;0;0;0.180491
"Skip List randomly";"23401";"uint64_t";1;0.0163836;0.297669776799151;0;0;0;0.2500558
"Skip List randomly";"9994";"uint64_t";1;0.0138517;0.159101532857793;0;0;0;0.2162683
"Skip List randomly";"22585";"uint64_t";1;0.01222;0.0597902609043555;0;0;0;0.1852998
"Skip List randomly";"18762";"uint64_t";1;0.0122343;0.0793383325981474;0;0;0;0.1784938
"Skip List randomly";"8532";"uint64_t";1;0.0159327;0.369506356423899;0;0;0;0.2421505
"Skip List randomly";"19345";"uint64_t";1;0.0126857;0.0910365350213292;0;0;0;0.196434
"Skip List randomly";"30420";"uint64_t";1;0.0131314;0.0603948802842491;0;0;0;0.19035
"Skip List randomly";"23711";"uint64_t";1;0.0137357;0.126772926014946;0;0;0;0.2261655
"Skip List randomly";"21393";"uint64_t";1;0.0139604;0.162407680330394;0;0;0;0.2255608
"Skip List randomly";"11501";"uint64_t";1;0.0236208;0.339387345864599;0;0;0;0.2609742
"Skip List randomly";"1206";"uint64_t";1;0.0109385;0.081584828049914;0;0;0;0.176543
"Skip List randomly";"29593";"uint64_t";1;0.0233;0.357244925545238;0;0;0;0.226957
"Skip List randomly";"3768";"uint64_t";1;0.0116563;0.117231530115401;0;0;0;0.1763263
"Skip List randomly";"27144";"uint64_t";1;0.0241279;0.455487054508602;0;0;0;0.2890969
"Skip List randomly";"10138";"uint64_t";1;0.0207081;0.257760891772254;0;0;0;0.2125176
"Skip List randomly";"6207";"uint64_t";1;0.0231901;0.188973713488821;0;0;0;0.2578842
"Skip List randomly";"16214";"uint64_t";1;0.0117795;0.0605092100761654;0;0;0;0.1849182
"Skip List randomly";"16998";"uint64_t";1;0.0206478;0.427242314797863;0;0;0;0.2069634
"Skip List randomly";"5448";"uint64_t";1;0.0202136;0.355990199795457;0;0;0;0.2090592
"Skip List randomly";"18430";"uint64_t";1;0.0307145;0.302394511323787;0;0;0;0.2998182
"Skip List randomly";"22105";"uint64_t";1;0.0119435;0.0335770845052139;0;0;0;0.1957096
"Skip List randomly";"7178";"uint64_t";1;0.0228309;0.125317915656237;0;0;0;0.2417214
"Skip List randomly";"823";"uint64_t";1;0.010483;0.0471899786226599;0;0;0;0.1605443
"Skip List randomly";"25493";"uint64_t";1;0.0267;0.44410901292915;0;0;0;0.288729
"Skip List randomly";"14169";"uint64_t";1;0.0117662;0.0530449969014833;0;0;0;0.152535
"Skip List randomly";"31640";"uint64_t";1;0.0131862;0.0652588379758289;0;0;0;0.2199657
"Skip List randomly";"20198";"uint64_t";1;0.0230165;0.090266165819553;0;0;0;0.261813
"Skip List randomly";"978";"uint64_t";1;0.0199043;0.299366397972474;0;0;0;0.2173053
"Skip List randomly";"19663";"uint64_t";1;0.0132896;0.105651555363279;0;0;0;0.2044143
"Skip List randomly";"30278";"uint64_t";1;0.0125283;0.032720562688676;0;0;0;0.1734098
"Skip List randomly";"12315";"uint64_t";1;0.0125627;0.126022927926717;0;0;0;0.246511
"Skip List randomly";"7229";"uint64_t";1;0.022961;0.365975694952602;0;0;0;0.2271801
"Skip List randomly";"6906";"uint64_t";1;0.0260639;0.169889260815145;0;0;0;0.2643343
"Skip List randomly";"4462";"uint64_t";1;0.0199775;0.404272005630006;0;0;0;0.2096013
"Skip List randomly";"21113";"uint64_t";1;0.0216496;0.418961787644725;0;0;0;0.2594727
"Skip List randomly";"4669";"uint64_t";1;0.0244319;0.318336793000313;0;0;0;0.266468
"Skip List randomly";"16635";"uint64_t";1;0.0126578;0.0553105105643;0;0;0;0.171707
"Skip List randomly";"16666";"uint64_t";1;0.02169;0.246037263626251;0;0;0;0.2303636
"Skip List randomly";"21849";"uint64_t";1;0.023591;0.345770288858322;0;0;0;0.2479928
"Skip List randomly";"24832";"uint64_t";1;0.0226589;0.359825850616897;0;0;0;0.2209005
"Skip List randomly";"4679";"uint64_t";1;0.0107831;0.038694203093995;0;0;0;0.1869842
"Skip List randomly";"862";"uint64_t";1;0.0104708;0.0390172263237279;0;0;0;0.1718175
"Skip List randomly";"10658";"uint64_t";1;0.0136899;0.18234501580502;0;0;0;0.2173096
"Skip List randomly";"22990";"uint64_t";1;0.0124706;0.0602628849325784;0;0;0;0.1733701
"Skip List randomly";"16391";"uint64_t";1;0.0215981;0.448690524811109;0;0;0;0.2280599
"Skip List randomly";"5473";"uint64_t";1;0.0148274;0.446307513729162;0;0;0;0.2174029
"Skip List randomly";"5806";"uint64_t";1;0.0127557;0.089448601004407;0;0;0;0.1830967
"Skip List randomly";"20044";"uint64_t";1;0.0218828;0.295519005353757;0;0;0;0.2130778
"Skip List randomly";"4844";"uint64_t";1;0.0117949;0.134899787354829;0;0;0;0.2041223
"Skip List randomly";"4068";"uint64_t";1;0.019482;0.441654916256835;0;0;0;0.2411551
"Skip List randomly";"20509";"uint64_t";1;0.0284606;0.234625603734819;0;0;0;0.3250729
"Skip List randomly";"16615";"uint64_t";1;0.0130852;0.11124132718487;0;0;0;0.2324217
"Skip List randomly";"26355";"uint64_t";1;0.0225946;0.307504904315219;0;0;0;0.2497497
"Skip List randomly";"6871";"uint64_t";1;0.0132564;0.218351929121556;0;0;0;0.2083306
"Skip List randomly";"24970";"uint64_t";1;0.0127662;0.0778998461505124;0;0;0;0.1792912
"Skip List randomly";"8712";"uint64_t";1;0.0114284;0.0728071492940823;0;0;0;0.1910969
"Skip List randomly";"5351";"uint64_t";1;0.0198724;0.411714554679961;0;0;0;0.2168967
"Skip List randomly";"25654";"uint64_t";1;0.0229588;0.251549302202764;0;0;0;0.2349078
"Skip List randomly";"11993";"uint64_t";1;0.0229125;0.419932303283316;0;0;0;0.2533419
"Skip List randomly";"13865";"uint64_t";1;0.0114209;0.0290767872267574;0;0;0;0.1633794
"Skip List randomly";"25369";"uint64_t";1;0.0152721;0.2200209300282;0;0;0;0.2816657
"Skip List randomly";"5672";"uint64_t";1;0.0330047;0.36071597362651;0;0;0;0.3167878
"Skip List randomly";"15452";"uint64_t";1;0.0121495;0.0810029272806542;0;0;0;0.2236528
"Skip List randomly";"11726";"uint64_t";1;0.0206626;0.407773640931278;0;0;0;0.2303617
"Skip List randomly";"24366";"uint64_t";1;0.0141619;0.189595793293461;0;0;0;0.1855558
"Skip List randomly";"3291";"uint64_t";1;0.0239855;0.46313539405063;0;0;0;0.2827461
"Skip List randomly";"22967";"uint64_t";1;0.0140958;0.158155929306789;0;0;0;0.2504498
"Skip List randomly";"25132";"uint64_t";1;0.0223931;0.255583184293284;0;0;0;0.225916
"Skip List randomly";"723";"uint64_t";1;0.0185386;0.278131254526622;0;0;0;0.1762991
"Skip List randomly";"3158";"uint64_t";1;0.0103389;0.0386353492523991;0;0;0;0.1501755
"Skip List randomly";"30112";"uint64_t";1;0.0241799;0.378055399082769;0;0;0;0.2435859
"Skip List randomly";"9396";"uint64_t";1;0.0126676;0.130177989918365;0;0;0;0.1858603
"Skip List randomly";"8565";"uint64_t";1;0.0223167;0.174165161786909;0;0;0;0.2408996
"Skip List randomly";"16147";"uint64_t";1;0.0162047;0.342504453005261;0;0;0;0.2096362
"Skip List randomly";"13433";"uint64_t";1;0.0253311;0.298309422965587;0;0;0;0.2866969
"Skip List randomly";"9308";"uint64_t";1;0.0233945;0.15327923806519;0;0;0;0.2646786
"Skip List randomly";"9295";"uint64_t";1;0.0198841;0.12494664067279;0;0;0;0.1997155
"Skip List randomly";"18789";"uint64_t";1;0.0115843;0.0347559668429327;0;0;0;0.2169952
"Skip List randomly";"6931";"uint64_t";1;0.0219921;0.297415156365309;0;0;0;0.2214588
"Skip List randomly";"28051";"uint64_t";1;0.0383713;0.315822037736387;0;0;0;0.3712724
"Skip List randomly";"14047";"uint64_t";1;0.0193092;0.0349684833411945;0;0;0;0.2937184
"Skip List randomly";"18409";"uint64_t";1;0.0145338;0.235688718467568;0;0;0;0.2214446
"Skip List randomly";"17112";"uint64_t";1;0.012229;0.0604681009738373;0;0;0;0.1886523
"Skip List randomly";"32303";"uint64_t";1;0.0396527;0.167657782656975;0;0;0;0.357949
"Skip List randomly";"12958";"uint64_t";1;0.0206658;0.380207599173442;0;0;0;0.2116246
"Skip List randomly";"9804";"uint64_t";1;0.0110752;0.0528156964143123;0;0;0;0.1613145
"Skip List randomly";"746";"uint64_t";1;0.0216499;0.203060409404299;0;0;0;0.2349605
"Skip List randomly";"26704";"uint64_t";1;0.014143;0.114446913463508;0;0;0;0.2096504
"Skip List randomly";"31923";"uint64_t";1;0.0156434;0.176230864086138;0;0;0;0.2545604
"Skip List randomly";"29019";"uint64_t";1;0.0174485;0.281545625477408;0;0;0;0.2544832
"Skip List randomly";"25065";"uint64_t";1;0.0142797;0.128009668857432;0;0;0;0.2221406
"Skip List randomly";"10877";"uint64_t";1;0.021844;0.27069735142011;0;0;0;0.2311986
"Skip List randomly";"7470";"uint64_t";1;0.0117208;0.0462384403899025;0;0;0;0.1926408
"Skip List randomly";"10160";"uint64_t";1;0.0207147;0.314495899821962;0;0;0;0.2227777
"Skip List randomly";"13538";"uint64_t";1;0.0120532;0.059398456589379;0;0;0;0.1453886
"Skip List randomly";"24175";"uint64_t";1;0.0225255;0.361844080934222;0;0;0;0.230446
"Skip List randomly";"291";"uint64_t";1;0.0198398;0.447511688977134;0;0;0;0.2216591
"Skip List randomly";"22038";"uint64_t";1;0.0166143;0.354146969647573;0;0;0;0.2410274
"Skip List randomly";"30620";"uint64_t";1;0.0236146;0.350297687829465;0;0;0;0.2256945
"Skip List randomly";"29125";"uint64_t";1;0.0137576;0.0827896141102025;0;0;0;0.1993335
"Skip List randomly";"16658";"uint64_t";1;0.0224826;0.401951943564412;0;0;0;0.2360569
"Skip List randomly";"3290";"uint64_t";1;0.0148966;0.345293608343478;0;0;0;0.2159619
"Skip List randomly";"12245";"uint64_t";1;0.0243271;0.16093194909116;0;0;0;0.273894
"Skip List randomly";"2670";"uint64_t";1;0.0191468;0.424376253280702;0;0;0;0.2129025
"Skip List randomly";"13771";"uint64_t";1;0.0207304;0.0284977856925276;0;0;0;0.1848184
"Skip List randomly";"23530";"uint64_t";1;0.025532;0.359777732642258;0;0;0;0.2967265
"Skip List randomly";"22526";"uint64_t";1;0.0126689;0.0799505583496718;0;0;0;0.2297903
"Skip List randomly";"26655";"uint64_t";1;0.024864;0.388775535288478;0;0;0;0.2674092
"Skip List randomly";"4596";"uint64_t";1;0.0120582;0.2015065913371;0;0;0;0.1937155
"Skip List randomly";"4025";"uint64_t";1;0.0139313;0.19182992557105;0;0;0;0.2087423
"Skip List randomly";"25361";"uint64_t";1;0.0241216;0.233485439731547;0;0;0;0.2529004
"Skip List randomly";"29622";"uint64_t";1;0.0261785;0.246915427036077;0;0;0;0.2913679
"Skip List randomly";"11505";"uint64_t";1;0.0114603;0.0414951334551105;0;0;0;0.1714541
"Skip List randomly";"6785";"uint64_t";1;0.0111635;0.0634031568218406;0;0;0;0.1843594
"Skip List randomly";"4719";"uint64_t";1;0.0125108;0.135662609042964;0;0;0;0.1777131
"Skip List randomly";"4123";"uint64_t";1;0.0102603;0.0105384456285148;0;0;0;0.1429296
"Skip List randomly";"25349";"uint64_t";1;0.0145485;0.131281006516228;0;0;0;0.2199249
"Skip List randomly";"18858";"uint64_t";1;0.025095;0.328205979354949;0;0;0;0.2848475
"Skip List randomly";"22179";"uint64_t";1;0.0233811;0.303418688832283;0;0;0;0.3074657
"Skip List randomly";"20498";"uint64_t";1;0.0252094;0.416570621861186;0;0;0;0.2947575
"Skip List randomly";"13247";"uint64_t";1;0.0116133;0.0619913309069627;0;0;0;0.1758822
"Skip List randomly";"28641";"uint64_t";1;0.0137978;0.0884292565947243;0;0;0;0.2117154
"Skip List randomly";"25776";"uint64_t";1;0.0169831;0.309717068174336;0;0;0;0.2698442
"Skip List randomly";"13404";"uint64_t";1;0.0272819;0.221660190463148;0;0;0;0.308766
"Skip List randomly";"28248";"uint64_t";1;0.0316874;0.190704469240926;0;0;0;0.3475097
"Skip List randomly";"3265";"uint64_t";1;0.021699;0.415585989577021;0;0;0;0.2494283
"Skip List randomly";"10974";"uint64_t";1;0.0126962;0.113731063098152;0;0;0;0.2017597
"Skip List randomly";"11507";"uint64_t";1;0.0214348;0.365408129128142;0;0;0;0.224041
"Skip List randomly";"20811";"uint64_t";1;0.016952;0.253623617109389;0;0;0;0.2280721
"Skip List randomly";"25310";"uint64_t";1;0.0146085;0.157879301872137;0;0;0;0.1746195
"Skip List randomly";"17334";"uint64_t";1;0.0216972;0.402919193809372;0;0;0;0.2303676
"Skip List randomly";"17376";"uint64_t";1;0.0223921;0.332145285787571;0;0;0;0.2474311
"Skip List randomly";"13693";"uint64_t";1;0.0159064;0.259361351424341;0;0;0;0.2273259
"Skip List randomly";"28947";"uint64_t";1;0.0146227;0.0771151608008368;0;0;0;0.2042684
"Skip List randomly";"11692";"uint64_t";1;0.0206754;0.300615987254036;0;0;0;0.2089078
"Skip List randomly";"14534";"uint64_t";1;0.0230852;0.263380919864452;0;0;0;0.2550267
"Skip List randomly";"10635";"uint64_t";1;0.023003;0.314376834920493;0;0;0;0.2733497
"Skip List randomly";"30146";"uint64_t";1;0.0133817;0.0321085350239869;0;0;0;0.2118166
"Skip List randomly";"7990";"uint64_t";1;0.0156799;0.296433234767548;0;0;0;0.2009941
"Skip List randomly";"21202";"uint64_t";1;0.0149115;0.166154423667973;0;0;0;0.2267318
"Skip List randomly";"32686";"uint64_t";1;0.0139161;0.0760398060729778;0;0;0;0.2255227
"Skip List randomly";"13475";"uint64_t";1;0.01533;0.205899705014749;0;0;0;0.2156938
"Skip List randomly";"31156";"uint64_t";1;0.027219;0.329886628014328;0;0;0;0.3548279
"Skip List randomly";"16004";"uint64_t";1;0.0231249;0.392629577294623;0;0;0;0.2618655
"Skip List randomly";"24367";"uint64_t";1;0.024296;0.352136036499679;0;0;0;0.2571728
"Skip List randomly";"27926";"uint64_t";1;0.0176929;0.340206147122219;0;0;0;0.2558494
"Skip List randomly";"12550";"uint64_t";1;0.0137369;0.239591041166598;0;0;0;0.1890739
"Skip List randomly";"12646";"uint64_t";1;0.0221068;0.292627671829003;0;0;0;0.2500671
"Skip List randomly";"21808";"uint64_t";1;0.0161895;0.23861002088641;0;0;0;0.2277728
"Skip List randomly";"746";"uint64_t";1;0.0279459;0.284868724090281;0;0;0;0.2768852
"Skip List randomly";"8077";"uint64_t";1;0.020669;0.44405742059212;0;0;0;0.2425356
"Skip List randomly";"3910";"uint64_t";1;0.0111964;0.0865227854980204;0;0;0;0.1644802
"Skip List randomly";"10383";"uint64_t";1;0.0244534;0.271730390083806;0;0;0;0.2590641
"Skip List randomly";"22743";"uint64_t";1;0.0192304;0.432624113475177;0;0;0;0.2717558
"Skip List randomly";"11362";"uint64_t";1;0.014642;0.305351746026086;0;0;0;0.1978068
"Skip List randomly";"4685";"uint64_t";1;0.0122643;0.136709517762969;0;0;0;0.1801691
"Skip List randomly";"793";"uint64_t";1;0.0251558;0.476772168617312;0;0;0;0.2608391
"Skip List randomly";"21690";"uint64_t";1;0.0225937;0.399719968330384;0;0;0;0.225474
"Skip List randomly";"27414";"uint64_t";1;0.024831;0.279345952252425;0;0;0;0.2674019
"Skip List randomly";"7537";"uint64_t";1;0.0208951;0.204275073117231;0;0;0;0.2244764
"Skip List randomly";"24483";"uint64_t";1;0.0241357;0.348769754220665;0;0;0;0.2562968
"Skip List randomly";"14740";"uint64_t";1;0.0143605;0.207688232177548;0;0;0;0.2051007
"Skip List randomly";"23226";"uint64_t";1;0.0173788;0.109134075359951;0;0;0;0.2088158
"Skip List randomly";"22920";"uint64_t";1;0.0132227;0.072713849948079;0;0;0;0.2246596
"Skip List randomly";"29434";"uint64_t";1;0.0249455;0.507581572156381;0;0;0;0.2754792
"Skip List randomly";"16328";"uint64_t";1;0.0126551;0.105857371304735;0;0;0;0.2160825
"Skip List randomly";"21105";"uint64_t";1;0.0284106;0.103755252432207;0;0;0;0.2771575
"Skip List randomly";"7205";"uint64_t";1;0.0122634;0.117129427197202;0;0;0;0.1932031
"Skip List randomly";"30866";"uint64_t";1;0.0172205;0.231768989220546;0;0;0;0.2777293
"Skip List randomly";"16562";"uint64_t";1;0.0158437;0.167131986239309;0;0;0;0.2703058
"Skip List randomly";"11505";"uint64_t";1;0.0330263;0.30215462503777;0;0;0;0.316233
"Skip List randomly";"25380";"uint64_t";1;0.0239163;0.259054901000988;0;0;0;0.2667293
"Skip List randomly";"31193";"uint64_t";1;0.0254961;0.299567313635802;0;0;0;0.2643042
"Skip List randomly";"32177";"uint64_t";1;0.0162982;0.196567015153295;0;0;0;0.2427102
"Skip List randomly";"23021";"uint64_t";1;0.0233111;0.272753081528301;0;0;0;0.2493784
"Skip List randomly";"971";"uint64_t";1;0.0200658;0.399162784012648;0;0;0;0.235696
"Skip List randomly";"21958";"uint64_t";1;0.0128021;0.0920125560844124;0;0;0;0.227707
"Skip List randomly";"27082";"uint64_t";1;0.029898;0.324773874453742;0;0;0;0.2948729
"Skip List randomly";"22323";"uint64_t";1;0.0128334;0.0592983904250928;0;0;0;0.2623687
"Skip List randomly";"10393";"uint64_t";1;0.0131506;0.214959487800146;0;0;0;0.2022905
"Skip List randomly";"4271";"uint64_t";1;0.022791;0.371660628918333;0;0;0;0.2396192
"Skip List randomly";"23520";"uint64_t";1;0.0149843;0.199521289795788;0;0;0;0.2430597
"Skip List randomly";"7086";"uint64_t";1;0.0266062;0.14920600405472;0;0;0;0.2561447
"Skip List randomly";"9541";"uint64_t";1;0.0203374;0.2626434385367;0;0;0;0.2514183
"Skip List randomly";"23167";"uint64_t";1;0.0135398;0.0647928970816064;0;0;0;0.2284097
"Skip List randomly";"21093";"uint64_t";1;0.0121924;0.0317575026007957;0;0;0;0.1714909
"Skip List randomly";"29251";"uint64_t";1;0.031401;0.221828743343007;0;0;0;0.3478335
"Skip List randomly";"29188";"uint64_t";1;0.0140838;0.0871323813199538;0;0;0;0.2388653
"Skip List randomly";"14489";"uint64_t";1;0.0233368;0.361782659111296;0;0;0;0.2629371
"Skip List randomly";"32546";"uint64_t";1;0.0149965;0.0862542283259812;0;0;0;0.2114208
"Skip List randomly";"5616";"uint64_t";1;0.0273553;0.0949715310379509;0;0;0;0.2738435
"Skip List randomly";"31986";"uint64_t";1;0.0257477;0.253152991135657;0;0;0;0.2673713
"Skip List randomly";"27519";"uint64_t";1;0.0185684;0.252801673244948;0;0;0;0.2928366
"Skip List randomly";"4534";"uint64_t";1;0.0193408;0.329703577654475;0;0;0;0.1853114
"Skip List randomly";"10618";"uint64_t";1;0.012256;0.156968621379753;0;0;0;0.2183582
"Skip List randomly";"29395";"uint64_t";1;0.0138;0.0428789504708069;0;0;0;0.2042403
"Skip List randomly";"7767";"uint64_t";1;0.0205398;0.365246440679014;0;0;0;0.2335034
"Skip List randomly";"12185";"uint64_t";1;0.0223168;0.347757595241923;0;0;0;0.2287457
"Skip List randomly";"32012";"uint64_t";1;0.0250241;0.285629867312216;0;0;0;0.2413504
"Skip List randomly";"24681";"uint64_t";1;0.0243159;0.33595228537019;0;0;0;0.2618028
"Skip List randomly";"21069";"uint64_t";1;0.0179158;0.359946561003196;0;0;0;0.267017
"Skip List randomly";"7989";"uint64_t";1;0.0112141;0.0266313900688443;0;0;0;0.1778437
"Skip List randomly";"13211";"uint64_t";1;0.0222452;0.399377221400937;0;0;0;0.2552059
"Skip List randomly";"15356";"uint64_t";1;0.022867;0.283945050368408;0;0;0;0.2405419
"Skip List randomly";"6565";"uint64_t";1;0.0120507;0.0951299084869909;0;0;0;0.1704271
"Skip List randomly";"32221";"uint64_t";1;0.016167;0.165220893487824;0;0;0;0.2344662
"Skip List randomly";"27442";"uint64_t";1;0.0166175;0.211117427555245;0;0;0;0.2460439
"Skip List randomly";"26822";"uint64_t";1;0.0194331;0.299316680484608;0;0;0;0.2875248
"Skip List randomly";"21294";"uint64_t";1;0.0254471;0.437328498302949;0;0;0;0.2714232
"Skip List randomly";"4163";"uint64_t";1;0.0201862;0.486613580469841;0;0;0;0.2129103
"Skip List randomly";"9065";"uint64_t";1;0.0211073;0.41192351520251;0;0;0;0.2330731
"Skip List randomly";"12314";"uint64_t";1;0.0133792;0.152773110691792;0;0;0;0.198755
"Skip List randomly";"15451";"uint64_t";1;0.0143527;0.159729797428874;0;0;0;0.2197286
"Skip List randomly";"5978";"uint64_t";1;0.0113595;0.0396824725883218;0;0;0;0.1767118
"Skip List randomly";"26456";"uint64_t";1;0.0151917;0.227314590402327;0;0;0;0.2464676
"Skip List randomly";"13173";"uint64_t";1;0.0311243;0.101090325045637;0;0;0;0.2977663
"Skip List randomly";"14771";"uint64_t";1;0.0225215;0.400261502654971;0;0;0;0.2416296
"Skip List randomly";"29273";"uint64_t";1;0.0252882;0.322195716851162;0;0;0;0.268179
"Skip List randomly";"17981";"uint64_t";1;0.0153706;0.226204816874217;0;0;0;0.2243915
"Skip List randomly";"20081";"uint64_t";1;0.0140533;0.133431191476663;0;0;0;0.229929
"Skip List randomly";"5431";"uint64_t";1;0.0197559;0.190046491796289;0;0;0;0.1878453
"Skip List randomly";"7370";"uint64_t";1;0.0110287;0.067049159708583;0;0;0;0.1896737
"Skip List randomly";"11033";"uint64_t";1;0.011888;0.0870817597410316;0;0;0;0.20905
"Skip List randomly";"7610";"uint64_t";1;0.0214075;0.425818391513672;0;0;0;0.2102284
"Skip List randomly";"6946";"uint64_t";1;0.011409;0.0765340303267629;0;0;0;0.180342
"Skip List randomly";"16530";"uint64_t";1;0.0229016;0.398780318125376;0;0;0;0.2332159
"Skip List randomly";"14394";"uint64_t";1;0.0134929;0.11288074363056;0;0;0;0.2317527
"Skip List randomly";"12328";"uint64_t";1;0.0142416;0.216222448055885;0;0;0;0.2213081
"Skip List randomly";"26715";"uint64_t";1;0.0130585;0.0368417170674141;0;0;0;0.2199959
"Skip List randomly";"2683";"uint64_t";1;0.0104983;0.0262267839687195;0;0;0;0.1651891
"Skip List randomly";"8866";"uint64_t";1;0.0226707;0.280484824633509;0;0;0;0.2447555
"Skip List randomly";"24645";"uint64_t";1;0.0309837;0.160485765457221;0;0;0;0.3157912
"Skip List randomly";"25086";"uint64_t";1;0.0139502;0.0976630734125423;0;0;0;0.1960338
"Skip List randomly";"6167";"uint64_t";1;0.0209809;0.383567399224351;0;0;0;0.2176046
"Skip List randomly";"56";"uint64_t";1;0.0187035;0.364751314413031;0;0;0;0.1981276
"Skip List randomly";"5827";"uint64_t";1;0.0202086;0.340689241169159;0;0;0;0.2082849
"Skip List randomly";"19137";"uint64_t";1;0.0275298;0.336137027328782;0;0;0;0.2839111
"Skip List randomly";"16628";"uint64_t";1;0.0130538;0.0912449946916563;0;0;0;0.228112
"Skip List randomly";"17419";"uint64_t";1;0.0145435;0.12133423555142;0;0;0;0.2297497
"Skip List randomly";"5956";"uint64_t";1;0.0112139;0.0306230297683054;0;0;0;0.1667095
"Skip List randomly";"953";"uint64_t";1;0.0190173;0.390258135053592;0;0;0;0.2019013
"Skip List randomly";"929";"uint64_t";1;0.0241798;0.276935751328172;0;0;0;0.2472177
"Skip List randomly";"26181";"uint64_t";1;0.0321201;0.207711224960472;0;0;0;0.3153646
"Skip List randomly";"29802";"uint64_t";1;0.0290354;0.327926263867767;0;0;0;0.2974352
"Skip List randomly";"1716";"uint64_t";1;0.0188908;0.394744852024747;0;0;0;0.2378322
"Skip List randomly";"17540";"uint64_t";1;0.012848;0.0424340770791076;0;0;0;0.2033659
"Skip List randomly";"16525";"uint64_t";1;0.0127121;0.0399041253895929;0;0;0;0.2151347
"Skip List randomly";"30837";"uint64_t";1;0.0303452;0.258330135623627;0;0;0;0.3250263
"Skip List randomly";"4262";"uint64_t";1;0.0193722;0.323036171692357;0;0;0;0.1891688
"Skip List randomly";"9822";"uint64_t";1;0.0265574;0.219689490633007;0;0;0;0.2461593
"Skip List randomly";"30717";"uint64_t";1;0.0151772;0.144257301829039;0;0;0;0.2238387
"Skip List randomly";"30981";"uint64_t";1;0.0159486;0.119231417022232;0;0;0;0.2615943
"Skip List randomly";"31803";"uint64_t";1;0.0263483;0.234821776024998;0;0;0;0.2522595
"Skip List randomly";"25896";"uint64_t";1;0.039244;0.218433840516211;0;0;0;0.3645707
"Skip List randomly";"28142";"uint64_t";1;0.0141982;0.050015160591337;0;0;0;0.2112986
"Skip List randomly";"12550";"uint64_t";1;0.0162898;0.106606433205394;0;0;0;0.2509945
"Skip List randomly";"9321";"uint64_t";1;0.0119731;0.0754989849630815;0;0;0;0.2187883
"Skip List randomly";"20691";"uint64_t";1;0.0139977;0.13255497839701;0;0;0;0.2395257
"Skip List randomly";"116";"uint64_t";1;0.0242095;0.180918837902486;0;0;0;0.2431951
"Skip List randomly";"8539";"uint64_t";1;0.0236335;0.331170264549067;0;0;0;0.2657654
"Skip List randomly";"13467";"uint64_t";1;0.0267829;0.334616091702731;0;0;0;0.2620398
"Skip List randomly";"18071";"uint64_t";1;0.0153085;0.238121042032303;0;0;0;0.2414357
"Skip List randomly";"24712";"uint64_t";1;0.0329687;0.16354094611573;0;0;0;0.3254131
"Skip List randomly";"1389";"uint64_t";1;0.022166;0.391655642952416;0;0;0;0.2635632
"Skip List randomly";"767";"uint64_t";1;0.0112094;0.0838296720297029;0;0;0;0.1608959
"Skip List randomly";"6429";"uint64_t";1;0.0152594;0.293745747728651;0;0;0;0.2129584
"Skip List randomly";"10907";"uint64_t";1;0.0161909;0.335545323221379;0;0;0;0.2253723
"Skip List randomly";"11719";"uint64_t";1;0.0124575;0.051233035292684;0;0;0;0.1944901
"Skip List randomly";"10733";"uint64_t";1;0.0251415;0.177831553818735;0;0;0;0.2652745
"Skip List randomly";"10126";"uint64_t";1;0.0212903;0.510539686188861;0;0;0;0.2576642
"Skip List randomly";"11270";"uint64_t";1;0.02368;0.477623628706876;0;0;0;0.2640048
"Skip List randomly";"12222";"uint64_t";1;0.0112122;0.0271815308506253;0;0;0;0.122065
"Skip List randomly";"25488";"uint64_t";1;0.0236786;0.341540936981241;0;0;0;0.2418921
"Skip List randomly";"17716";"uint64_t";1;0.0139922;0.0729474192732097;0;0;0;0.2382398
"Skip List randomly";"20878";"uint64_t";1;0.0129112;0.0490087747806305;0;0;0;0.2002378
"Skip List randomly";"3874";"uint64_t";1;0.0194636;0.269230769230769;0;0;0;0.2087153
"Skip List randomly";"2115";"uint64_t";1;0.0206202;0.299392835664704;0;0;0;0.2299392
"Skip List randomly";"15567";"uint64_t";1;0.0240226;0.29050226530335;0;0;0;0.243722
"Skip List randomly";"31570";"uint64_t";1;0.0285422;0.339973175469429;0;0;0;0.3353193
"Skip List randomly";"20767";"uint64_t";1;0.0231224;0.371528749847111;0;0;0;0.2282339
"Skip List randomly";"16517";"uint64_t";1;0.0128184;0.118377887903958;0;0;0;0.1936551
"Skip List randomly";"19873";"uint64_t";1;0.025324;0.322267956259467;0;0;0;0.2861048
"Skip List randomly";"12477";"uint64_t";1;0.01403;0.204674445961378;0;0;0;0.2055286
"Skip List randomly";"24461";"uint64_t";1;0.0216693;0.46080572746026;0;0;0;0.3220593
"Skip List randomly";"23685";"uint64_t";1;0.0144473;0.0691052719751544;0;0;0;0.1939163
"Skip List randomly";"14269";"uint64_t";1;0.0132701;0.121401107026662;0;0;0;0.186283
"Skip List randomly";"16921";"uint64_t";1;0.0242939;0.348961292328142;0;0;0;0.2749769
"Skip List randomly";"15644";"uint64_t";1;0.0126866;0.0533106397110714;0;0;0;0.1938132
"Skip List randomly";"29640";"uint64_t";1;0.0184299;0.263446904778227;0;0;0;0.3071812
"Skip List randomly";"26444";"uint64_t";1;0.0181106;0.329291687343994;0;0;0;0.2722432
"Skip List randomly";"15599";"uint64_t";1;0.0251433;0.267975055025679;0;0;0;0.2847579
"Skip List randomly";"32223";"uint64_t";1;0.0339356;0.152235226520441;0;0;0;0.3469105
"Skip List randomly";"30960";"uint64_t";1;0.0149816;0.108655916763485;0;0;0;0.2068247
"Skip List randomly";"19226";"uint64_t";1;0.0315969;0.253631324813623;0;0;0;0.346684
"Skip List randomly";"12740";"uint64_t";1;0.0224762;0.212830786041494;0;0;0;0.2674209
"Skip List randomly";"27518";"uint64_t";1;0.0182892;0.273709868375235;0;0;0;0.2739869
"Skip List randomly";"28672";"uint64_t";1;0.0144803;0.0873381791968282;0;0;0;0.2315735
"Skip List randomly";"6860";"uint64_t";1;0.0110825;0.0653381781827969;0;0;0;0.1842251
"Skip List randomly";"20463";"uint64_t";1;0.0282477;0.193404509878387;0;0;0;0.3100918
"Skip List randomly";"13361";"uint64_t";1;0.0128805;0.0936252950466131;0;0;0;0.1720576
"Skip List randomly";"14790";"uint64_t";1;0.0128168;0.108067918525435;0;0;0;0.1951652
"Skip List randomly";"22462";"uint64_t";1;0.0321204;0.0962768307059475;0;0;0;0.3072818
"Skip List randomly";"30773";"uint64_t";1;0.0370707;0.188739736339922;0;0;0;0.3814269
"Skip List randomly";"4267";"uint64_t";1;0.0110787;0.0382939241431664;0;0;0;0.1981032
"Skip List randomly";"24853";"uint64_t";1;0.0144279;0.0919390604778591;0;0;0;0.1957677
"Skip List randomly";"13490";"uint64_t";1;0.0162431;0.260689284771467;0;0;0;0.2422286
"Skip List randomly";"13955";"uint64_t";1;0.0141371;0.165782941773112;0;0;0;0.2432765
"Skip List randomly";"31273";"uint64_t";1;0.0322778;0.377783346666538;0;0;0;0.3381801
"Skip List randomly";"795";"uint64_t";1;0.0197448;0.287533422580494;0;0;0;0.2370585
"Skip List randomly";"11239";"uint64_t";1;0.0136369;0.153460321756636;0;0;0;0.2288548
"Skip List randomly";"11817";"uint64_t";1;0.0128388;0.0948815473043269;0;0;0;0.2032457
"Skip List randomly";"24707";"uint64_t";1;0.0181849;0.125233587030506;0;0;0;0.2406321
"Skip List randomly";"21564";"uint64_t";1;0.0138981;0.06256211868683;0;0;0;0.2336891
"Skip List randomly";"31925";"uint64_t";1;0.0280646;0.303054534618059;0;0;0;0.3240815
"Skip List randomly";"30361";"uint64_t";1;0.0203482;0.374460468100915;0;0;0;0.3249861
"Skip List randomly";"326";"uint64_t";1;0.0144436;0.281723830978631;0;0;0;0.2011345
"Skip List randomly";"12431";"uint64_t";1;0.0121151;0.0675743279125074;0;0;0;0.172849
"Skip List randomly";"311";"uint64_t";1;0.0101252;0.082284028475533;0;0;0;0.1536981
"Skip List randomly";"26542";"uint64_t";1;0.026361;0.419455859617595;0;0;0;0.2760406
"Skip List randomly";"7756";"uint64_t";1;0.0205649;0.0883585053705764;0;0;0;0.2329793
"Skip List randomly";"21231";"uint64_t";1;0.0308304;0.264785034460125;0;0;0;0.3191574
"Skip List randomly";"132";"uint64_t";1;0.0195134;0.346116083545839;0;0;0;0.2105132
"Skip List randomly";"19215";"uint64_t";1;0.0131284;0.0557789429665134;0;0;0;0.2031618
"Skip List randomly";"12968";"uint64_t";1;0.0223868;0.350131501791095;0;0;0;0.2536154
"Skip List randomly";"11901";"uint64_t";1;0.0133474;0.107291295078023;0;0;0;0.2313742
"Skip List randomly";"17585";"uint64_t";1;0.0135926;0.0734785424333844;0;0;0;0.2210613
"Skip List randomly";"26999";"uint64_t";1;0.029146;0.38984512709292;0;0;0;0.3346701
"Skip List randomly";"24108";"uint64_t";1;0.0132656;0.0388747924693795;0;0;0;0.1894933
"Skip List randomly";"12378";"uint64_t";1;0.0259216;0.394571566706294;0;0;0;0.2900535
"Skip List randomly";"30643";"uint64_t";1;0.0279537;0.269554787898425;0;0;0;0.3074208
"Skip List randomly";"31478";"uint64_t";1;0.0153004;0.107360497937324;0;0;0;0.2510125
"Skip List randomly";"664";"uint64_t";1;0.0103981;0.0617998754199471;0;0;0;0.1334032
"Skip List randomly";"24225";"uint64_t";1;0.024667;0.358368752633687;0;0;0;0.2644406
"Skip List randomly";"15953";"uint64_t";1;0.0129637;0.066076215851713;0;0;0;0.2057127
"Skip List randomly";"8024";"uint64_t";1;0.0109279;0.0342709496677962;0;0;0;0.1537095
"Skip List randomly";"9836";"uint64_t";1;0.0122595;0.0678448861557757;0;0;0;0.1966175
"Skip List randomly";"1733";"uint64_t";1;0.0117278;0.0837699721844879;0;0;0;0.1850258
"Skip List randomly";"8424";"uint64_t";1;0.0114462;0.0749573692589928;0;0;0;0.1731248
"Skip List randomly";"22747";"uint64_t";1;0.0244823;0.376520352864477;0;0;0;0.2662905
"Skip List randomly";"22923";"uint64_t";1;0.0239384;0.404249176868192;0;0;0;0.2316157
"Skip List randomly";"31495";"uint64_t";1;0.0283905;0.270598360866326;0;0;0;0.3257819
"Skip List randomly";"7278";"uint64_t";1;0.0211679;0.317556370858024;0;0;0;0.2161836
"Skip List randomly";"32601";"uint64_t";1;0.0195433;0.244281030146754;0;0;0;0.2786326
"Skip List randomly";"19114";"uint64_t";1;0.0243526;0.331596860075753;0;0;0;0.2802862
"Skip List randomly";"30232";"uint64_t";1;0.0160881;0.163805638143189;0;0;0;0.2312242
"Skip List randomly";"22106";"uint64_t";1;0.028858;0.322992178445918;0;0;0;0.3111932
"Skip List randomly";"20623";"uint64_t";1;0.023835;0.31538916686294;0;0;0;0.2804666
"Skip List randomly";"29034";"uint64_t";1;0.02667;0.350486465423816;0;0;0;0.2659007
"Skip List randomly";"32003";"uint64_t";1;0.0304581;0.432637839791222;0;0;0;0.3289863
"Skip List randomly";"32120";"uint64_t";1;0.0173872;0.197465564738292;0;0;0;0.2674773
"Skip List randomly";"13710";"uint64_t";1;0.0123942;0.0529078954075131;0;0;0;0.2188936
"Skip List randomly";"491";"uint64_t";1;0.0191108;0.329419731989656;0;0;0;0.201312
"Skip List randomly";"12509";"uint64_t";1;0.0235914;0.321622258901203;0;0;0;0.2194484
"Skip List randomly";"6231";"uint64_t";1;0.0125955;0.17295102576758;0;0;0;0.1997318
"Skip List randomly";"29301";"uint64_t";1;0.0279836;0.218939535610715;0;0;0;0.303651
"Skip List randomly";"9786";"uint64_t";1;0.0137421;0.212428433063781;0;0;0;0.2289677
"Skip List randomly";"31959";"uint64_t";1;0.0156548;0.105807062280584;0;0;0;0.2486668
"Skip List randomly";"30362";"uint64_t";1;0.0253813;0.296371146595698;0;0;0;0.2539415
"Skip List randomly";"15545";"uint64_t";1;0.0266112;0.393913443536963;0;0;0;0.2921399
"Skip List randomly";"26568";"uint64_t";1;0.0265184;0.336673512115444;0;0;0;0.2802134
"Skip List randomly";"22155";"uint64_t";1;0.015522;0.122837983492357;0;0;0;0.2640499
"Skip List randomly";"211";"uint64_t";1;0.0136225;0.198425266121228;0;0;0;0.1964812
"Skip List randomly";"7963";"uint64_t";1;0.0119433;0.0360882426934321;0;0;0;0.1846186
"Skip List randomly";"28158";"uint64_t";1;0.0170266;0.219478305711134;0;0;0;0.2625202
"Skip List randomly";"12266";"uint64_t";1;0.0143494;0.157844624471484;0;0;0;0.2419723
"Skip List randomly";"10623";"uint64_t";1;0.0117044;0.0324618044529128;0;0;0;0.1895293
"Skip List randomly";"1625";"uint64_t";1;0.0192636;0.369448517859013;0;0;0;0.1952843
"Skip List randomly";"23854";"uint64_t";1;0.0256164;0.219965834452392;0;0;0;0.2880406
"Skip List randomly";"21007";"uint64_t";1;0.0254815;0.396304597102054;0;0;0;0.2524336
"Skip List randomly";"6971";"uint64_t";1;0.0208798;0.355127832924622;0;0;0;0.2134224
"Skip List randomly";"26210";"uint64_t";1;0.0187451;0.148195789460789;0;0;0;0.2991594
"Skip List randomly";"17653";"uint64_t";1;0.0246863;0.379307657107226;0;0;0;0.2604728
"Skip List randomly";"28976";"uint64_t";1;0.0130854;0.0205172349264568;0;0;0;0.1460463
"Skip List randomly";"5349";"uint64_t";1;0.0214241;0.309430179410646;0;0;0;0.235822
"Skip List randomly";"15328";"uint64_t";1;0.0226737;0.554124608423251;0;0;0;0.2691734
"Skip List randomly";"17550";"uint64_t";1;0.0146607;0.155113457295934;0;0;0;0.2405113
"Skip List randomly";"14038";"uint64_t";1;0.0141436;0.0858143069907413;0;0;0;0.2110166
"Skip List randomly";"27536";"uint64_t";1;0.0263003;0.108564126724807;0;0;0;0.2702318
"Skip List randomly";"27607";"uint64_t";1;0.027724;0.304868478127327;0;0;0;0.2882482
"Skip List randomly";"26893";"uint64_t";1;0.0314331;0.406806241224693;0;0;0;0.3235812
"Skip List randomly";"3537";"uint64_t";1;0.0114752;0.0540277395058325;0;0;0;0.1852902
"Skip List randomly";"20493";"uint64_t";1;0.0157405;0.211292209191369;0;0;0;0.2813384
"Skip List randomly";"21377";"uint64_t";1;0.0137782;0.0691034389568272;0;0;0;0.2232285
"Skip List randomly";"11160";"uint64_t";1;0.0143012;0.142715599555737;0;0;0;0.2121774
"Skip List randomly";"14449";"uint64_t";1;0.0133578;0.096681499482767;0;0;0;0.2033601
"Skip List randomly";"10845";"uint64_t";1;0.0128203;0.142201671388607;0;0;0;0.2360182
"Skip List randomly";"21186";"uint64_t";1;0.0133086;0.0385578836474307;0;0;0;0.2156087
"Skip List randomly";"30834";"uint64_t";1;0.0344375;0.117109425874366;0;0;0;0.3329918
"Skip List randomly";"6925";"uint64_t";1;0.0128126;0.176190869617104;0;0;0;0.1734076
"Skip List randomly";"9620";"uint64_t";1;0.0144616;0.31786576753087;0;0;0;0.1980195
"Skip List randomly";"18880";"uint64_t";1;0.0295698;0.435993293672668;0;0;0;0.323426
"Skip List randomly";"2390";"uint64_t";1;0.0201713;0.46816442863659;0;0;0;0.2428695
"Skip List randomly";"451";"uint64_t";1;0.0113091;0.123662377664067;0;0;0;0.173837
"Skip List randomly";"6295";"uint64_t";1;0.0128718;0.0677029762102259;0;0;0;0.2530075
"Skip List randomly";"23579";"uint64_t";1;0.0185687;0.223218402919593;0;0;0;0.2997383
"Skip List randomly";"13322";"uint64_t";1;0.0233034;0.398822069556199;0;0;0;0.2517448
"Skip List randomly";"74";"uint64_t";1;0.018543;0.308584617564479;0;0;0;0.1745512
"Skip List randomly";"7058";"uint64_t";1;0.0126967;0.144393268858103;0;0;0;0.2165161
"Skip List randomly";"32406";"uint64_t";1;0.030739;0.334807739333098;0;0;0;0.3417658
"Skip List randomly";"10963";"uint64_t";1;0.0225636;0.354076313326062;0;0;0;0.2606053
"Skip List randomly";"32626";"uint64_t";1;0.0173053;0.118867509762847;0;0;0;0.2654386
"Skip List randomly";"20048";"uint64_t";1;0.0154956;0.207706576465637;0;0;0;0.2862263
"Skip List randomly";"28306";"uint64_t";1;0.0356457;0.258960358273056;0;0;0;0.3617718
"Skip List randomly";"13902";"uint64_t";1;0.0157298;0.266979186803273;0;0;0;0.2334571
"Skip List randomly";"17652";"uint64_t";1;0.0155361;0.228392963036173;0;0;0;0.2845473
"Skip List randomly";"5423";"uint64_t";1;0.0131483;0.238361196138451;0;0;0;0.2129411
"Skip List randomly";"18343";"uint64_t";1;0.0174386;0.321196142161208;0;0;0;0.2277482
"Skip List randomly";"27659";"uint64_t";1;0.0153714;0.0940031030703316;0;0;0;0.2290157
"Skip List randomly";"8851";"uint64_t";1;0.0272293;0.212051323602607;0;0;0;0.2611036
"Skip List randomly";"19619";"uint64_t";1;0.0254482;0.312632520048511;0;0;0;0.3007167
"Skip List randomly";"6099";"uint64_t";1;0.0268144;0.303892732441168;0;0;0;0.3101914
"Skip List randomly";"24340";"uint64_t";1;0.0292513;0.195875920234436;0;0;0;0.307325
"Skip List randomly";"12764";"uint64_t";1;0.0144667;0.128236523583729;0;0;0;0.252949
"Skip List randomly";"20365";"uint64_t";1;0.0142659;0.0923353751914241;0;0;0;0.2321583
"Skip List randomly";"14414";"uint64_t";1;0.0239022;0.369103708220165;0;0;0;0.2735569
"Skip List randomly";"26716";"uint64_t";1;0.0184914;0.132232821856746;0;0;0;0.2182139
"Skip List randomly";"894";"uint64_t";1;0.0243282;0.275739496999143;0;0;0;0.2387688
"Skip List randomly";"30906";"uint64_t";1;0.0272765;0.344231356398772;0;0;0;0.3423068
"Skip List randomly";"3704";"uint64_t";1;0.0201633;0.405470400033458;0;0;0;0.2130795
"Skip List randomly";"28090";"uint64_t";1;0.0144178;0.022024370706949;0;0;0;0.20718
"Skip List randomly";"8213";"uint64_t";1;0.0208635;0.0396370934332508;0;0;0;0.2157665
"Skip List randomly";"24337";"uint64_t";1;0.0317316;0.198024661526961;0;0;0;0.3505364
"Skip List randomly";"17658";"uint64_t";1;0.0144017;0.165884105370529;0;0;0;0.2427953
"Skip List randomly";"8624";"uint64_t";1;0.0119747;0.0560072665702494;0;0;0;0.1999601
"Skip List randomly";"26417";"uint64_t";1;0.0274851;0.399155300902193;0;0;0;0.2878473
"Skip List randomly";"27644";"uint64_t";1;0.0135103;0.0105316351865008;0;0;0;0.1633026
"Skip List randomly";"13425";"uint64_t";1;0.0290245;0.195511416866695;0;0;0;0.2797913
"Skip List randomly";"7830";"uint64_t";1;0.0234403;0.199757608862639;0;0;0;0.2419289
"Skip List randomly";"24071";"uint64_t";1;0.0251334;0.316561023959277;0;0;0;0.2974465
"Skip List randomly";"29913";"uint64_t";1;0.0273198;0.144807768157316;0;0;0;0.3055373
"Skip List randomly";"20435";"uint64_t";1;0.026739;0.28213980809811;0;0;0;0.3005714
"Skip List randomly";"3472";"uint64_t";1;0.0208998;0.333407754232423;0;0;0;0.2454477
"Skip List randomly";"28324";"uint64_t";1;0.0150592;0.0827024423211037;0;0;0;0.2471804
"Skip List randomly";"29035";"uint64_t";1;0.0186042;0.294502390113905;0;0;0;0.2490004
"Skip List randomly";"2249";"uint64_t";1;0.019276;0.297982373078884;0;0;0;0.1983285
"Skip List randomly";"15761";"uint64_t";1;0.0165166;0.204931606784607;0;0;0;0.2366865
"Skip List randomly";"23974";"uint64_t";1;0.0165351;0.118301895724981;0;0;0;0.2749964
"Skip List randomly";"933";"uint64_t";1;0.0197586;0.517216271159936;0;0;0;0.2365944
"Skip List randomly";"9560";"uint64_t";1;0.0225653;0.560795831654589;0;0;0;0.2716747
"Skip List randomly";"31320";"uint64_t";1;0.0205581;0.254341612744102;0;0;0;0.3014987
"Skip List randomly";"23413";"uint64_t";1;0.0255732;0.347740587801699;0;0;0;0.2898589
"Skip List randomly";"11504";"uint64_t";1;0.0121191;0.0470336164220239;0;0;0;0.1911885
"Skip List randomly";"23712";"uint64_t";1;0.0155148;0.121076362795537;0;0;0;0.2776106
"Skip List randomly";"19135";"uint64_t";1;0.0348666;0.313538799570009;0;0;0;0.3615275
"Skip List randomly";"19613";"uint64_t";1;0.0137505;0.0367897896425394;0;0;0;0.1895919
"Skip List randomly";"12629";"uint64_t";1;0.0236897;0.317100942925751;0;0;0;0.2358478
"Skip List randomly";"12103";"uint64_t";1;0.023785;0.356074450084602;0;0;0;0.2632752
"Skip List randomly";"1362";"uint64_t";1;0.0191883;0.260973721610057;0;0;0;0.1867514
"Skip List randomly";"29808";"uint64_t";1;0.0189301;0.265770223464434;0;0;0;0.2838508
"Skip List randomly";"5105";"uint64_t";1;0.0108649;0.0375587302799955;0;0;0;0.1581132
"Skip List randomly";"8010";"uint64_t";1;0.0206281;0.294751345326742;0;0;0;0.2202473
"Skip List randomly";"15646";"uint64_t";1;0.0140167;0.107111827243575;0;0;0;0.2050508
"Skip List randomly";"25740";"uint64_t";1;0.0144245;0.0494208887466169;0;0;0;0.2429847
"Skip List randomly";"18384";"uint64_t";1;0.0257884;0.207895124827993;0;0;0;0.2691229
"Skip List randomly";"5262";"uint64_t";1;0.0120029;0.0883529038400508;0;0;0;0.2210346
"Skip List randomly";"28571";"uint64_t";1;0.0163223;0.155912950491123;0;0;0;0.250839
"Skip List randomly";"31010";"uint64_t";1;0.0150592;0.0655919783076761;0;0;0;0.2082394
"Skip List randomly";"18820";"uint64_t";1;0.023792;0.365275851029773;0;0;0;0.2458979
"Skip List randomly";"31028";"uint64_t";1;0.0274845;0.406333565173816;0;0;0;0.2817331
"Skip List randomly";"18685";"uint64_t";1;0.0275209;0.413671739348115;0;0;0;0.3243729
"Skip List randomly";"16295";"uint64_t";1;0.0130333;0.0713592871469438;0;0;0;0.228767
"Skip List randomly";"1714";"uint64_t";1;0.0197257;0.375697864313656;0;0;0;0.2367736
"Skip List randomly";"29208";"uint64_t";1;0.0269378;0.268602737940734;0;0;0;0.2806417
"Skip List randomly";"25849";"uint64_t";1;0.0382265;0.291146211930158;0;0;0;0.3835012
"Skip List randomly";"14148";"uint64_t";1;0.0158283;0.289936922399883;0;0;0;0.2343808
"Skip List randomly";"3364";"uint64_t";1;0.0199723;0.265689168967635;0;0;0;0.1887749
"Skip List randomly";"26759";"uint64_t";1;0.0269846;0.309406390356882;0;0;0;0.3156362
"Skip List randomly";"7564";"uint64_t";1;0.0119583;0.0557527280432249;0;0;0;0.1770782
"Skip List randomly";"14441";"uint64_t";1;0.0133877;0.076562449741066;0;0;0;0.2362792
"Skip List randomly";"27507";"uint64_t";1;0.0185077;0.236269755387225;0;0;0;0.2588869
"Skip List randomly";"27406";"uint64_t";1;0.036606;0.188711044432971;0;0;0;0.3589819
"Skip List randomly";"12409";"uint64_t";1;0.0136911;0.187123905315182;0;0;0;0.2097114
"Skip List randomly";"31238";"uint64_t";1;0.0277689;0.355382433301376;0;0;0;0.3206659
"Skip List randomly";"26500";"uint64_t";1;0.0340232;0.227142422301272;0;0;0;0.3359442
"Skip List randomly";"25422";"uint64_t";1;0.0159768;0.135473966995011;0;0;0;0.2496071
"Skip List randomly";"10145";"uint64_t";1;0.0122858;0.0604279413414812;0;0;0;0.200538
"Skip List randomly";"29945";"uint64_t";1;0.0279053;0.318148942720729;0;0;0;0.3327866
"Skip List randomly";"25300";"uint64_t";1;0.0286847;0.176878907965003;0;0;0;0.3213951
"Skip List randomly";"11782";"uint64_t";1;0.0178886;0.231760946867538;0;0;0;0.2354778
"Skip List randomly";"27531";"uint64_t";1;0.0145526;0.0391522603771699;0;0;0;0.2513387
